"","Estimate","CI.Lower","CI.Upper","Evid.Ratio","value"
"1",0.23,0.21,0.26,Inf,"ASD_OverlapsHigherThanZero"
"2",0.19,0.17,0.22,Inf,"TDC_OverlapsHigherThanZero"
"3",0.22,0.19,0.26,Inf,"ASD_MG_F"
"4",0.23,0.19,0.28,Inf,"ASD_Q_F"
"5",0.24,0.2,0.29,Inf,"ASD_Q_UF"
"6",0.22,0.19,0.25,Inf,"TD_MG_F"
"7",0.17,0.13,0.22,Inf,"TD_Q_F"
"8",0.2,0.15,0.24,Inf,"TD_Q_UF"
"9",0.04,0,0.08,21.1,"ASDOverlapsHigherThanTDCArossConditions"
"10",0.01,-0.04,0.05,1.6,"ASDOverlapsHigherThanTDCWithinMatchingGame"
"11",0.06,0,0.12,15.8,"ASDOverlapsHigherThanTDCWithinQFamiliar"
"12",0.05,-0.01,0.11,10.4,"ASDOverlapsHigherThanTDCWithinQUnfamiliar"
"13",-0.05,-0.12,0.01,9.2,"DifferenceInDifferenceBetweenGroupsASDHigherTDCMatchingGame"
"14",-0.01,-0.09,0.07,1.5,"DifferenceInDifferenceBetweenGroupsUnfamiliarityHigherFamiliarity"
"15",-0.01,-0.06,0.03,1.5,"WithinGroup_ASD_MG_F_Higher_Q_F"
"16",-0.01,-0.07,0.04,1.9,"WithinGroup_ASD_Q_F_Higher_Q_UF"
"17",0.04,-0.01,0.09,12.1,"WithinGroup_TDC_MG_F_Higher_Q_F"
"18",-0.02,-0.08,0.03,3.4,"WithinGroup_TDC_Q_F_Higher_Q_UF"
