"","Estimate","CI.Lower","CI.Upper","Evid.Ratio","value"
"1",0.23,0.19,0.26,Inf,"ASD_OverlapsHigherThanZero"
"2",0.29,0.19,0.4,Inf,"TDC_OverlapsHigherThanZero"
"3",0.22,0.18,0.27,Inf,"ASD_MG_F"
"4",0.22,0.17,0.28,Inf,"ASD_Q_F"
"5",0.24,0.19,0.3,Inf,"ASD_Q_UF"
"6",0.29,0.18,0.43,Inf,"TD_MG_F"
"7",0.33,0.15,0.54,Inf,"TD_Q_F"
"8",0.24,0.11,0.42,Inf,"TD_Q_UF"
"9",-0.06,-0.18,0.04,0.2,"ASDOverlapsHigherThanTDCArossConditions"
"10",-0.07,-0.22,0.05,0.2,"ASDOverlapsHigherThanTDCWithinMatchingGame"
"11",-0.11,-0.32,0.07,0.2,"ASDOverlapsHigherThanTDCWithinQFamiliar"
"12",0,-0.19,0.14,1.2,"ASDOverlapsHigherThanTDCWithinQUnfamiliar"
"13",0.03,-0.17,0.26,0.7,"DifferenceInDifferenceBetweenGroupsASDHigherTDCMatchingGame"
"14",0.11,-0.13,0.35,0.3,"DifferenceInDifferenceBetweenGroupsUnfamiliarityHigherFamiliarity"
"15",0.56,0.51,0.62,Inf,"ASD_OverlapsHigherThanZero_Cognition"
"16",0.68,0.57,0.77,Inf,"TDC_OverlapsHigherThanZero_Cognition"
"17",0.57,0.5,0.64,Inf,"ASD_MG_F_Cognition"
"18",0.6,0.51,0.69,Inf,"ASD_Q_F_Cognition"
"19",0.52,0.44,0.61,Inf,"ASD_Q_UF_Cognition"
"20",0.62,0.49,0.75,Inf,"TD_MG_F_Cognition"
"21",0.74,0.56,0.88,Inf,"TD_Q_F_Cognition"
"22",0.67,0.48,0.82,Inf,"TD_Q_UF_Cognition"
"23",-0.11,-0.22,0.01,0.1,"ASDOverlapsHigherThanTDCArossConditions_Cognition"
"24",-0.05,-0.2,0.1,0.4,"ASDOverlapsHigherThanTDCWithinMatchingGame_Cognition"
"25",-0.14,-0.3,0.06,0.1,"ASDOverlapsHigherThanTDCWithinQFamiliar_Cognition"
"26",-0.15,-0.32,0.05,0.1,"ASDOverlapsHigherThanTDCWithinQUnfamiliar_Cognition"
"27",0.09,-0.13,0.28,0.3,"DifferencesBetweenGroupsQuestionsHigherMatchingGame_Cognition"
"28",-0.01,-0.25,0.23,1,"DifferencesBetweenGroupsUnfamiliarityHigherFamiliarity_Cognition"
"29",0.51,0.47,0.54,Inf,"ASD_OverlapsHigherThanZero_Language"
"30",0.5,0.45,0.54,Inf,"TDC_OverlapsHigherThanZero_Language"
"31",0.5,0.46,0.54,Inf,"ASD_MG_F_Language"
"32",0.53,0.48,0.58,Inf,"ASD_Q_F_Language"
"33",0.49,0.44,0.54,Inf,"ASD_Q_UF_Language"
"34",0.54,0.49,0.58,Inf,"TD_MG_F_Language"
"35",0.5,0.41,0.58,Inf,"TD_Q_F_Language"
"36",0.46,0.38,0.53,Inf,"TD_Q_UF_Language"
"37",0.01,-0.05,0.07,1.5,"ASDOverlapsHigherThanTDCArossConditions_Language"
"38",-0.04,-0.11,0.02,0.1,"ASDOverlapsHigherThanTDCWithinMatchingGame_Language"
"39",0.03,-0.06,0.14,2.5,"ASDOverlapsHigherThanTDCWithinQFamiliar_Language"
"40",0.04,-0.05,0.13,3.1,"ASDOverlapsHigherThanTDCWithinQUnfamiliar_Language"
"41",-0.08,-0.18,0.02,9.2,"DifferencesBetweenGroupsQuestionsHigherMatchingGame_Language"
"42",0,-0.12,0.12,0.9,"DifferencesBetweenGroupsUnfamiliarityHigherFamiliarity_Language"
