"","Estimate","CI.Lower","CI.Upper","Evid.Ratio","value"
"1",0.27,0.24,0.3,Inf,"ASD_OverlapsHigherThanZero"
"2",0.25,0.22,0.28,Inf,"TDC_OverlapsHigherThanZero"
"3",0.3,0.26,0.34,Inf,"ASD_MG_F"
"4",0.22,0.18,0.27,Inf,"ASD_Q_F"
"5",0.29,0.25,0.33,Inf,"ASD_Q_UF"
"6",0.26,0.22,0.3,Inf,"TD_MG_F"
"7",0.22,0.17,0.28,Inf,"TD_Q_F"
"8",0.26,0.2,0.33,Inf,"TD_Q_UF"
"9",0.02,-0.02,0.06,4,"ASDOverlapsHigherThanTDCArossConditions"
"10",0.04,-0.02,0.1,7.5,"ASDOverlapsHigherThanTDCWithinMatchingGame"
"11",0,-0.07,0.07,1,"ASDOverlapsHigherThanTDCWithinQFamiliar"
"12",0.02,-0.05,0.1,2.5,"ASDOverlapsHigherThanTDCWithinQUnfamiliar"
"13",0.04,-0.04,0.13,0.3,"DifferenceInDifferenceBetweenGroupsASDHigherTDCMatchingGame"
"14",0.02,-0.07,0.12,0.5,"DifferenceInDifferenceBetweenGroupsUnfamiliarityHigherFamiliarity"
"15",0.08,0.02,0.14,0,"WithinGroup_ASD_MG_F_Higher_Q_F"
"16",-0.06,-0.13,0,18.9,"WithinGroup_ASD_Q_F_Higher_Q_UF"
"17",0.04,-0.03,0.1,5.6,"WithinGroup_TDC_MG_F_Higher_Q_F"
"18",-0.04,-0.12,0.04,4.5,"WithinGroup_TDC_Q_F_Higher_Q_UF"
