"","Estimate","CI.Lower","CI.Upper","Evid.Ratio","value"
"1",1125,1077,1174,Inf,"OverallLatencyThreeConditionsASD"
"2",1222,1152,1291,Inf,"OverallLatencyThreeConditionsTD"
"3",1238,1181,1298,Inf,"MGOverallLatencyASD>0"
"4",873,808,938,Inf,"Q_F_OverallLatencyASD>0"
"5",1265,1165,1360,Inf,"Q_UF_OverallLatencyASD>0"
"6",1328,1246,1414,Inf,"MGOverallLatencyTDC>0"
"7",885,788,986,Inf,"Q_F_OverallLatencyTDC>0"
"8",1454,1327,1581,Inf,"Q_UF_OverallLatencyTDC>0"
"9",0.2,0.15,0.25,Inf,"BetaParameterASD_MG"
"10",-0.17,-0.24,-0.09,713.3,"BetaParameterASD_Q_F"
"11",-0.09,-0.17,-0.01,25,"BetaParameterASD_Q_UF"
"12",-0.02,-0.06,0.03,3,"BetaParameterASD_Overall"
"13",0.27,0.2,0.33,Inf,"BetaParameterTDC_MG"
"14",-0.17,-0.27,-0.06,91.6,"BetaParameterTDC_Q_F"
"15",-0.07,-0.19,0.05,5.2,"BetaParameterTDC_Q_UF"
"16",0.01,-0.05,0.07,0.7,"BetaParameterTDC_Overall"
"17",-0.03,-0.1,0.05,2.5,"OverallBetaParameterASD<TD"
"18",-0.07,-0.15,0.01,10.3,"BetaParameter_ASD_MG<TD_MG"
"19",0,-0.13,0.13,1,"BetaParameter_ASD_MG<TD_Q_F"
"20",-0.02,-0.16,0.13,1.4,"BetaParameter_ASD_MG<TD_Q_UF"
"21",0.37,0.28,0.45,Inf,"WithinGroupBetaParameterASD_MG_Slower_Q_F"
"22",0.43,0.32,0.55,Inf,"WithinGroupBetaParameterTDC_MG_Slower_Q_F"
"23",0.07,-0.07,0.2,3.7,"DifferenceInDifferenceBetaParameterBetweenGroupsMGBiggerQ_F"
"24",0.08,-0.02,0.18,9.2,"WithinGroupBetaParameterASD_Q_F_Slower_Q_UF"
"25",0.1,-0.06,0.25,6,"WithinGroupBetaParameterTDC_Q_F_Slower_Q_UF"
"26",-0.02,-0.2,0.16,1.3,"DifferenceInDifferenceBetaParameterBetweenGroupsFamiliarityBiggerUnfamiliarity"
"27",-97,-182,-8,26.6,"OverallLatencyThreeConditionsASD<TD"
"28",365,283,450,Inf,"WithinASDGroupMG>QuestionsFamiliar"
"29",443,328,566,4999,"WithinTDGroupMG>QuestionsFamiliar"
"30",393,275,508,Inf,"WithinAutismGroupQuestionsUnfamiliar>Familiar"
"31",569,402,731,Inf,"WithinTDGroupQuestionsUnfamiliar>Familiar"
"32",-90,-193,11,13.1,"WithinConditionsMatchingGameASD<TD"
"33",-12,-135,110,1.3,"WithinConditionsQuestionsFamiliarASD<TD"
"34",-189,-347,-24,30.6,"WithinConditionsQuestionsUnfamiliarASD<TD"
"35",-177,-379,27,12,"DifferenceInDifferenceBetweenGroupsUnfamiliar>Familiarity"
"36",-78,-226,70,0.2,"DifferenceInDifferenceBetweenGroupsMG>Conversations"
"37",153,109,184,Inf,"SubjectVariabilityASD"
"38",191,159,227,Inf,"SubjectVariabilityTD"
"39",-38,-88,7,11.2,"SubjectVariabilityASD<TD"
"40",144,107,187,Inf,"SubjectVariabilityASD_MG"
"41",132,3.69,186.74,Inf,"SubjectVariabilityASD_Q_F"
"42",183,140,233,Inf,"SubjectVariabilityASD_Q_UF"
"43",181,134,236,Inf,"SubjectVariabilityTD_MG"
"44",146,104,199,Inf,"SubjectVariabilityTD_Q_F"
"45",246,186,320,Inf,"SubjectVariabilityTD_Q_UF"
"46",-37,-102,27,4.7,"SubjectVariabilityASD_MG<TD_MG"
"47",-14,-136,59,1.2,"SubjectVariabilityASD_Q_F<TD_Q_F"
"48",-64,-149,16,9.8,"SubjectVariabilityASD_Q_UF<TD_Q_UF"
"49",11,-56,137,1.1,"SubjectVariabilityASD_MG_SmallerThan_Q_F"
"50",50,-22,168,5.9,"SubjectVariabilityASD_Q_F_SmallerThan_Q_UF"
"51",35,-31,103,0.2,"SubjectVariabilityTDC_MG_SmallerThan_Q_F"
"52",100,22,186,63.1,"SubjectVariabilityTDC_Q_F_SmallerThan_Q_UF"
"53",-50,-163,78,3.3,"DifferenceInDifferenceSubjectVariabilityUnfamiliarBiggerFamiliarity"
"54",24,-110,122,0.4,"DifferenceInDifferenceSubjectVariabilityMatchingGameBiggerQuestions"
"55",3.58,0.27,9.68,Inf,"VisitVariabilityASDMG"
"56",3.76,0.25,10.52,Inf,"VisitVariabilityTDMG"
"57",27,0.82,103.77,Inf,"VisitVariabilityASD_Q_F"
"58",55,2.68,196.34,Inf,"VisitVariabilityTDC_Q_F"
"59",77,11,203,Inf,"VisitVariabilityASD_Q_UF"
"60",79,8,209,Inf,"VisitVariabilityTDC_Q_UF"
"61",36,9,88,Inf,"VisitVariabilityASDOverall"
"62",46,11,113,Inf,"VisitVariabilityTDCOverall"
"63",0.17,-7,8,1,"VisitVariabilityASDMG>TDMG"
"64",-29,-176,66,0.5,"VisitVariabilityASD_Q_F_SlowerThanTD_Q_F"
"65",-1.98,-146,145,1.1,"VisitVariabilityASD_Q_UF_SlowerThanTD_Q_UF"
"66",-10,-85,54,0.7,"VisitVariabilityASDOverallLowerTDSOverall"
"67",29,-67,175,2.1,"DifferenceInDifferenceVisitVariabilityASDMGSmallerThanTDMG"
"68",27,-167,248,0.7,"DifferenceInDifferenceVisitVariabilityASDFamiliarityTDUnfamiliarity"
"69",24,18,33,Inf,"SigmaASDOverall"
"70",36,25,48,Inf,"SigmaTDCOverall"
"71",-0.38,-0.82,0.07,0.1,"SigmaASDOverallHigherTDSOverall"
"72",7,3.76,11.67,Inf,"SigmaASDMG"
"73",6,3.33,10.76,Inf,"SigmaTDMG"
"74",10,4.82,20.03,Inf,"SigmaASD_Q_F"
"75",23,10,45,Inf,"SigmaTDC_Q_F"
"76",201,163,245,Inf,"SigmaASD_Q_UF"
"77",326,286,372,Inf,"SigmaTDC_Q_UF"
"78",0.11,-0.71,0.91,1.5,"SigmaASDMGSlowerThanTDMG"
"79",-0.77,-1.82,0.32,7.7,"SigmaASD_Q_F_SlowerThanTD_Q_F"
"80",-0.48,-0.73,-0.24,0,"SigmaASD_Q_UF_SlowerThanTD_Q_UF"
"81",-0.03,-0.05,-0.01,60.7,"SigmaASD_MG_VisitLowerZero"
"82",0,-0.02,0.03,1.5,"SigmaTDC_MG_VisitLowerZero"
"83",-0.03,-0.07,0,13.4,"SigmaASD_MG_VisitLowerTDC"
"84",0.02,-0.01,0.06,8.2,"SigmaASD_Q_F_VisitLowerZero"
"85",-0.04,-0.09,0,15.8,"SigmaTDC_Q_F_VisitLowerZero"
"86",0.02,-0.02,0.06,3.5,"SigmaASD_Q_F_VisitLowerTDC"
"87",-0.02,-0.04,0,9.7,"SigmaASD_Q_UF_VisitLowerZero"
"88",0.01,-0.01,0.03,2.4,"SigmaTDC_Q_UF_VisitLowerZero"
"89",-0.02,-0.06,0.02,4.8,"SigmaASD_Q_UF_VisitLowerTDC"
"90",-0.01,-0.02,0.01,3.2,"SigmaASD_Overall_VisitLowerZero"
"91",-0.01,-0.03,0.01,4.7,"SigmaTDC_Overall_VisitLowerZero"
"92",-0.04,-0.08,0,22.4,"WithinGroupSigmaASD_Q_F_Lower_UF_Visit"
"93",0.05,0,0.1,20.6,"WithinGroupSigmaTDC_Q_F_Lower_UF_Visit"
"94",0.01,-0.02,0.04,2.8,"WithinGroupSigmaASD_Q_F_Lower_MG_Visit"
"95",0,-0.03,0.04,1.1,"WithinGroupSigmaTDC_Q_F_Lower_MG_Visit"
"96",2.95,2.28,3.76,Inf,"WithinGroupSigmaASD_Q_FFaster_UF"
"97",2.66,1.97,3.52,Inf,"WithinGroupSigmaTDC_Q_F_Faster_UF"
"98",-0.42,-1.3,0.51,0.3,"WithinGroupSigmaASD_Q_F_Faster_MG"
"99",-1.3,-2.22,-0.29,48,"WithinGroupSigmaTDC_Q_F_Faster_MG"
"100",0,-0.02,0.03,1.6,"SigmaVisitOverall_ASDLowerTDC"
"101",-0.09,-0.15,-0.03,150.5,"DifferenceInDifferenceSigmaVisit_Q_F_Lower_Q_UF"
"102",-0.1,-0.17,-0.04,146.1,"DifferenceInDifferenceSigmaVisit_MG_Lower_Q_F"
"103",0.29,-0.82,1.37,2,"DifferenceInDifferenceSigmaASDFamiliarityBiggerTDUnfamiliarity"
"104",0.88,-0.49,2.23,5.9,"DifferenceInDifferenceSigmaASDMGSmallerThanTDMG"
"105",0.15,0.05,0.25,NA,"CorrelationAcrossVisitsASDMG"
"106",0.87,0.86,0.87,NA,"CorrelationAcrossVisitsASDFamiliarQuestions"
"107",0.68,0.57,0.79,NA,"CorrelationAcrossVisitsASDUnfamiliarQuestions"
"108",0.14,0.01,0.26,NA,"CorrelationAcrossVisitsTDMG"
"109",0.83,0.8,0.87,NA,"CorrelationAcrossVisitsTDFamiliarQuestions"
"110",0.68,0.59,0.75,NA,"CorrelationAcrossVisitsTDUnfamiliarQuestions"
