"","Estimate","CI.Lower","CI.Upper","Evid.Ratio","value"
"1",40,24,58,2999,"ASD_MG_F"
"2",37,6,70,39,"ASD_Q_F"
"3",27,-10,66,0.1,"ASD_Q_UF"
"4",35,18,53,1499,"ASD_overall"
"5",20,-8,47,7.3,"TDC_MG_F"
"6",40,-12,96,8.8,"TDC_Q_F"
"7",45,0.85,92.23,19.8,"TDC_Q_UF"
"8",35,10,61,64.2,"TDC_overall"
"9",21,-12,54,6,"InterpersonalAdjustment_MG_F_ASDHigherTDC"
"10",-2.74,-69,60,1,"InterpersonalAdjustment_Q_F_ASDHigherTDC"
"11",-18,-80,42,0.4,"InterpersonalAdjustment_Q_UF_ASDHigherTDC"
"12",-0.05,-32,32,1,"InterpersonalAdjustment_overall_ASDHigherTDC"
"13",23,-45,96,0.4,"DifferenceInterpersonalAdjustment_ASDLowerMatchingGameTDCVersusQuestions"
"14",15,-69,102,1.6,"DifferenceInterpersonalAdjustment_ASDHigherFamiliarityTDCVersusUnfamiliarity"
"15",-5,-74,64,0.8,"TDCWithinGroupInterpersonalAdjustment_Q_F_HigherQ_UF"
"16",10,-38,60,1.7,"ASDWithinGroupInterpersonalAdjustment_Q_F_HigherQ_UF"
"17",-21,-82,39,0.4,"TDCWithinGroupInterpersonalAdjustment_MG_HigherQ_F"
"18",2.84,-36,39,0.8,"ASDWithinGroupInterpersonalAdjustment_MG_HigherQ_F"
