"","Estimate","CI.Lower","CI.Upper","Evid.Ratio","value"
"1",41,23,58,Inf,"ASD_MG_F"
"2",73,43,103,2999,"ASD_Q_F"
"3",106,56,155,749,"ASD_Q_UF"
"4",73,53,93,Inf,"ASD_overall"
"5",34,9,60,65.7,"TDC_MG_F"
"6",34,-2.33,70.35,15.4,"TDC_Q_F"
"7",80,48,111,0,"TDC_Q_UF"
"8",49,31,68,Inf,"TDC_overall"
"9",7,-24,37,0.5,"SelfAdjustment_MG_F_ASDHigherTDC"
"10",39,-9,86,11.1,"SelfAdjustment_Q_F_ASDHigherTDC"
"11",26,-34,87,3.3,"SelfAdjustment_Q_UF_ASDHigherTDC"
"12",24,-2.91,52.01,13.7,"SelfAdjustment_overall_ASDHigherTDC"
"13",-32,-88,23,5,"DifferenceSelfAdjustment_ASDLowerMatchingGameTDCVersusQuestions"
"14",13,-62,88,0.6,"DifferenceSelfAdjustment_ASDHigherFamiliarityTDCVersusUnfamiliarity"
"15",-46,-93,2,0.1,"TDCWithinGroupSelfAdjustment_Q_F_HigherQ_UF"
"16",-33,-91,25,0.2,"ASDWithinGroupSelfAdjustment_Q_F_HigherQ_UF"
"17",-0.04,-43,43,1,"TDCWithinGroupSelfAdjustment_MG_HigherQ_F"
"18",-32,-67,2,14.7,"ASDWithinGroupSelfAdjustment_MG_HigherQ_F"
