"","Estimate","CI.Lower","CI.Upper","Evid.Ratio","value"
"1",735,651,822,Inf,"OverallLatencyThreeConditionsASD"
"2",871,767,974,Inf,"OverallLatencyThreeConditionsTD"
"3",859,753,967,Inf,"MGOverallLatencyASD>0"
"4",580,460,716,Inf,"Q_F_OverallLatencyASD>0"
"5",766,630,908,Inf,"Q_UF_OverallLatencyASD>0"
"6",952,833,1069,Inf,"MGOverallLatencyTDC>0"
"7",655,497,814,Inf,"Q_F_OverallLatencyTDC>0"
"8",1007,810,1199,Inf,"Q_UF_OverallLatencyTDC>0"
"9",0.19,0.12,0.27,Inf,"BetaParameterASD_MG"
"10",-0.35,-0.48,-0.23,4999,"BetaParameterASD_Q_F"
"11",-0.26,-0.37,-0.14,624,"BetaParameterASD_Q_UF"
"12",-0.14,-0.2,-0.08,4999,"BetaParameterASD_Overall"
"13",0.28,0.18,0.38,Inf,"BetaParameterTDC_MG"
"14",-0.31,-0.45,-0.17,1249,"BetaParameterTDC_Q_F"
"15",-0.18,-0.33,-0.03,44.9,"BetaParameterTDC_Q_UF"
"16",-0.07,-0.15,0.01,12,"BetaParameterTDC_Overall"
"17",-0.07,-0.17,0.03,6.5,"OverallBetaParameterASD<TD"
"18",-0.08,-0.21,0.04,6.8,"BetaParameter_ASD_MG<TD_MG"
"19",-0.04,-0.23,0.15,1.9,"BetaParameter_ASD_MG<TD_Q_F"
"20",-0.08,-0.26,0.11,3.2,"BetaParameter_ASD_MG<TD_Q_UF"
"21",0.55,0.42,0.69,Inf,"WithinGroupBetaParameterASD_MG_Slower_Q_F"
"22",0.59,0.42,0.76,Inf,"WithinGroupBetaParameterTDC_MG_Slower_Q_F"
"23",0.04,-0.18,0.26,1.7,"DifferenceInDifferenceBetaParameterBetweenGroupsMGBiggerQ_F"
"24",0.1,-0.07,0.27,5.5,"WithinGroupBetaParameterASD_Q_F_Slower_Q_UF"
"25",0.13,-0.06,0.33,6.7,"WithinGroupBetaParameterTDC_Q_F_Slower_Q_UF"
"26",-0.04,-0.3,0.22,1.4,"DifferenceInDifferenceBetaParameterBetweenGroupsFamiliarityBiggerUnfamiliarity"
"27",-136,-267,0,18.7,"OverallLatencyThreeConditionsASD<TD"
"28",279,124,430,93.3,"WithinASDGroupMG>QuestionsFamiliar"
"29",297,131,466,160.3,"WithinTDGroupMG>QuestionsFamiliar"
"30",186,2.33,367.05,19.3,"WithinAutismGroupQuestionsUnfamiliar>Familiar"
"31",353,113,591,93.3,"WithinTDGroupQuestionsUnfamiliar>Familiar"
"32",-93,-249,67,5,"WithinConditionsMatchingGameASD<TD"
"33",-75,-272,139,2.8,"WithinConditionsQuestionsFamiliarASD<TD"
"34",-242,-476,-5,20.1,"WithinConditionsQuestionsUnfamiliarASD<TD"
"35",-167,-466,133,4.6,"DifferenceInDifferenceBetweenGroupsUnfamiliar>Familiarity"
"36",-18,-254,212,0.8,"DifferenceInDifferenceBetweenGroupsMG>Conversations"
"37",269,231,311,Inf,"SubjectVariabilityASD"
"38",341,288,402,Inf,"SubjectVariabilityTD"
"39",-72,-143,-3,23.4,"SubjectVariabilityASD<TD"
"40",262,209,325,Inf,"SubjectVariabilityASD_MG"
"41",242,190,305,Inf,"SubjectVariabilityASD_Q_F"
"42",303,240,382,Inf,"SubjectVariabilityASD_Q_UF"
"43",260,200,332,Inf,"SubjectVariabilityTD_MG"
"44",318,246,411,Inf,"SubjectVariabilityTD_Q_F"
"45",444,338,579,Inf,"SubjectVariabilityTD_Q_UF"
"46",2.16,-85,87,0.9,"SubjectVariabilityASD_MG<TD_MG"
"47",-76,-186,20,9.4,"SubjectVariabilityASD_Q_F<TD_Q_F"
"48",-141,-289,-10,26,"SubjectVariabilityASD_Q_UF<TD_Q_UF"
"49",20,-58,99,2,"SubjectVariabilityASD_MG_SmallerThan_Q_F"
"50",61,-25,151,7.4,"SubjectVariabilityASD_Q_F_SmallerThan_Q_UF"
"51",-59,-165,38,5.3,"SubjectVariabilityTDC_MG_SmallerThan_Q_F"
"52",126,-10,277,14.1,"SubjectVariabilityTDC_Q_F_SmallerThan_Q_UF"
"53",-65,-241,99,2.9,"DifferenceInDifferenceSubjectVariabilityUnfamiliarBiggerFamiliarity"
"54",-78,-207,46,5.7,"DifferenceInDifferenceSubjectVariabilityMatchingGameBiggerQuestions"
"55",93,41,169,Inf,"VisitVariabilityASDMG"
"56",73,11,155,Inf,"VisitVariabilityTDMG"
"57",88,6,256,Inf,"VisitVariabilityASD_Q_F"
"58",75,3.95,249.14,Inf,"VisitVariabilityTDC_Q_F"
"59",98,18,237,Inf,"VisitVariabilityASD_Q_UF"
"60",98,11,246,Inf,"VisitVariabilityTDC_Q_UF"
"61",93,43,170,Inf,"VisitVariabilityASDOverall"
"62",82,30,161,Inf,"VisitVariabilityTDCOverall"
"63",-20,-117,76,1.8,"VisitVariabilityASDMG>TDMG"
"64",13,-181,200,1.3,"VisitVariabilityASD_Q_F_SlowerThanTD_Q_F"
"65",0.1,-169,168,1,"VisitVariabilityASD_Q_UF_SlowerThanTD_Q_UF"
"66",11,-81,102,1.5,"VisitVariabilityASDOverallLowerTDSOverall"
"67",7,-213,225,1.1,"DifferenceInDifferenceVisitVariabilityASDMGSmallerThanTDMG"
"68",-13,-262,247,1.2,"DifferenceInDifferenceVisitVariabilityASDFamiliarityTDUnfamiliarity"
"69",683,649,720,Inf,"SigmaASDOverall"
"70",658,619,701,Inf,"SigmaTDCOverall"
"71",0.04,-0.04,0.12,3.5,"SigmaASDOverallHigherTDSOverall"
"72",618,572,668,Inf,"SigmaASDMG"
"73",529,482,578,Inf,"SigmaTDMG"
"74",541,485,604,Inf,"SigmaASD_Q_F"
"75",601,523,691,Inf,"SigmaTDC_Q_F"
"76",954,882,1030,5.3,"SigmaASD_Q_UF"
"77",898,826,975,65.7,"SigmaTDC_Q_UF"
"78",0.16,0.04,0.28,72.5,"SigmaASDMGSlowerThanTDMG"
"79",-0.1,-0.28,0.07,5.1,"SigmaASD_Q_F_SlowerThanTD_Q_F"
"80",0.06,-0.06,0.17,4.3,"SigmaASD_Q_UF_SlowerThanTD_Q_UF"
"81",-0.03,-0.05,-0.01,61.5,"SigmaASD_MG_VisitLowerZero"
"82",0.01,-0.02,0.03,1.7,"SigmaTDC_MG_VisitLowerZero"
"83",-0.03,-0.07,0,13.6,"SigmaASD_MG_VisitLowerTDC"
"84",0.02,-0.01,0.05,6.2,"SigmaASD_Q_F_VisitLowerZero"
"85",-0.04,-0.09,0,16.2,"SigmaTDC_Q_F_VisitLowerZero"
"86",0.02,-0.03,0.06,2.6,"SigmaASD_Q_F_VisitLowerTDC"
"87",-0.01,-0.03,0.01,4.7,"SigmaASD_Q_UF_VisitLowerZero"
"88",0.01,-0.01,0.03,2.7,"SigmaTDC_Q_UF_VisitLowerZero"
"89",-0.02,-0.05,0.02,3.6,"SigmaASD_Q_UF_VisitLowerTDC"
"90",-0.01,-0.02,0.01,3.1,"SigmaASD_Overall_VisitLowerZero"
"91",-0.01,-0.03,0.01,4.2,"SigmaTDC_Overall_VisitLowerZero"
"92",-0.03,-0.07,0.01,10.8,"WithinGroupSigmaASD_Q_F_Lower_UF_Visit"
"93",0.05,0,0.1,19.2,"WithinGroupSigmaTDC_Q_F_Lower_UF_Visit"
"94",0.02,-0.01,0.05,4.5,"WithinGroupSigmaASD_Q_F_Lower_MG_Visit"
"95",0,-0.03,0.04,1.1,"WithinGroupSigmaTDC_Q_F_Lower_MG_Visit"
"96",0.57,0.43,0.7,Inf,"WithinGroupSigmaASD_Q_FFaster_UF"
"97",0.4,0.23,0.57,Inf,"WithinGroupSigmaTDC_Q_F_Faster_UF"
"98",0.13,0,0.27,18.6,"WithinGroupSigmaASD_Q_F_Faster_MG"
"99",-0.13,-0.29,0.03,9.2,"WithinGroupSigmaTDC_Q_F_Faster_MG"
"100",0,-0.02,0.03,1.6,"SigmaVisitOverall_ASDLowerTDC"
"101",-0.08,-0.15,-0.02,68.4,"DifferenceInDifferenceSigmaVisit_Q_F_Lower_Q_UF"
"102",-0.1,-0.16,-0.03,146.1,"DifferenceInDifferenceSigmaVisit_MG_Lower_Q_F"
"103",0.16,-0.05,0.38,9,"DifferenceInDifferenceSigmaASDFamiliarityBiggerTDUnfamiliarity"
"104",0.26,0.05,0.48,40.3,"DifferenceInDifferenceSigmaASDMGSmallerThanTDMG"
"105",0.64,0.44,0.77,NA,"CorrelationAcrossVisitsASDFamiliarQuestions"
"106",0.62,0.35,0.8,NA,"CorrelationAcrossVisitsTDFamiliarQuestions"
"107",0.36,0.05,0.59,NA,"CorrelationAcrossVisitsASDUnfamiliarQuestions"
"108",0.66,0.52,0.8,NA,"CorrelationAcrossVisitsTDUnfamiliarQuestions"
"109",0.42,0.27,0.53,NA,"CorrelationAcrossVisitsASDMG"
"110",0.42,0.24,0.65,NA,"CorrelationAcrossVisitsTDMG"
