"","Estimate","CI.Lower","CI.Upper","Evid.Ratio","value"
"1",1090,1036,1142,Inf,"OverallLatencyThreeConditionsASD"
"2",1119,1046,1196,Inf,"OverallLatencyThreeConditionsTD"
"3",1195,1135,1257,Inf,"MGOverallLatencyASD>0"
"4",942,853,1027,Inf,"Q_F_OverallLatencyASD>0"
"5",1135,1032,1240,Inf,"Q_UF_OverallLatencyASD>0"
"6",1192,1092,1298,Inf,"MGOverallLatencyTDC>0"
"7",1021,898,1157,Inf,"Q_F_OverallLatencyTDC>0"
"8",1144,1009,1279,Inf,"Q_UF_OverallLatencyTDC>0"
"9",0.17,0.12,0.22,Inf,"BetaParameterASD_MG"
"10",-0.09,-0.16,-0.01,29.9,"BetaParameterASD_Q_F"
"11",-0.34,-0.47,-0.21,Inf,"BetaParameterASD_Q_UF"
"12",-0.08,-0.14,-0.03,171.4,"BetaParameterASD_Overall"
"13",0.14,0.05,0.22,249,"BetaParameterTDC_MG"
"14",-0.06,-0.18,0.07,3.5,"BetaParameterTDC_Q_F"
"15",-0.31,-0.43,-0.19,4999,"BetaParameterTDC_Q_UF"
"16",-0.07,-0.14,-0.01,27.6,"BetaParameterTDC_Overall"
"17",-0.01,-0.1,0.08,1.3,"OverallBetaParameterASD<TD"
"18",0.03,-0.07,0.13,2.5,"BetaParameter_ASD_MG<TD_MG"
"19",-0.03,-0.18,0.12,1.7,"BetaParameter_ASD_MG<TD_Q_F"
"20",-0.03,-0.21,0.14,1.7,"BetaParameter_ASD_MG<TD_Q_UF"
"21",-29,-122,62,2.2,"OverallLatencyThreeConditionsASD<TD"
"22",253,151,361,1665.7,"WithinASDGroupMG>QuestionsFamiliar"
"23",171,11,323,25.2,"WithinTDGroupMG>QuestionsFamiliar"
"24",193,54,352,50,"WithinAutismGroupQuestionsUnfamiliar>Familiar"
"25",122,-67,300,6.6,"WithinTDGroupQuestionsUnfamiliar>Familiar"
"26",2.68,-121,124,1.1,"WithinConditionsMatchingGameASD<TD"
"27",-80,-260,77,3.9,"WithinConditionsQuestionsFamiliarASD<TD"
"28",-9,-185,167,1.1,"WithinConditionsQuestionsUnfamiliarASD<TD"
"29",71,-162,304,2.3,"DifferenceInDifferenceBetweenGroupsUnfamiliar>Familiarity"
"30",83,-108,292,3.1,"DifferenceInDifferenceBetweenGroupsMG>Conversations"
"31",174,148,203,Inf,"SubjectVariabilityASD"
"32",292,250,339,Inf,"SubjectVariabilityTD"
"33",-118,-173,-67,Inf,"SubjectVariabilityASD<TD"
"34",157,116,205,Inf,"SubjectVariabilityASD_MG"
"35",172,128,224,Inf,"SubjectVariabilityASD_Q_F"
"36",192,147,248,Inf,"SubjectVariabilityASD_Q_UF"
"37",261,203,333,Inf,"SubjectVariabilityTD_MG"
"38",288,219,370,Inf,"SubjectVariabilityTD_Q_F"
"39",326,253,417,Inf,"SubjectVariabilityTD_Q_UF"
"40",-105,-189,-29,81,"SubjectVariabilityASD_MG<TD_MG"
"41",-115,-212,-32,79.6,"SubjectVariabilityASD_Q_F<TD_Q_F"
"42",-135,-233,-44,160.3,"SubjectVariabilityASD_Q_UF<TD_Q_UF"
"43",-19,-147,109,1.5,"DifferenceInDifferenceSubjectVariabilityUnfamiliarBiggerFamiliarity"
"44",-11,-130,105,1.2,"DifferenceInDifferenceSubjectVariabilityMatchingGameBiggerQuestions"
"45",3.44,0.26,9.45,Inf,"VisitVariabilityASDMG"
"46",5,0.38,13.61,Inf,"VisitVariabilityTDMG"
"47",38,0.94,153.93,Inf,"VisitVariabilityASD_Q_F"
"48",34,1.29,124.34,Inf,"VisitVariabilityTDC_Q_F"
"49",80,12,211,Inf,"VisitVariabilityASD_Q_UF"
"50",68,6,183,Inf,"VisitVariabilityTDC_Q_UF"
"51",40,10,104,Inf,"VisitVariabilityASDOverall"
"52",36,8,86,Inf,"VisitVariabilityTDCOverall"
"53",1.62,-7,11,1.6,"VisitVariabilityASDMG>TDMG"
"54",4.1,-102,132,0.9,"VisitVariabilityASD_Q_F_SlowerThanTD_Q_F"
"55",12,-123,161,1.2,"VisitVariabilityASD_Q_UF_SlowerThanTD_Q_UF"
"56",4.69,-55,74,1.2,"VisitVariabilityASDOverallLowerTDSOverall"
"57",-6,-133,100,1,"DifferenceInDifferenceVisitVariabilityASDMGSmallerThanTDMG"
"58",7,-198,207,0.8,"DifferenceInDifferenceVisitVariabilityASDFamiliarityTDUnfamiliarity"
"59",23,17,30,Inf,"SigmaASDOverall"
"60",29,22,37,Inf,"SigmaTDCOverall"
"61",-0.24,-0.63,0.14,5.7,"SigmaASDOverallHigherTDSOverall"
"62",6,3.1,9.5,Inf,"SigmaASDMG"
"63",7,3.73,11.57,Inf,"SigmaTDMG"
"64",9,4.62,14.61,Inf,"SigmaASD_Q_F"
"65",15,9,26,Inf,"SigmaTDC_Q_F"
"66",249,217,284,Inf,"SigmaASD_Q_UF"
"67",234,197,276,Inf,"SigmaTDC_Q_UF"
"68",-0.2,-1.01,0.6,0.5,"SigmaASDMGSlowerThanTDMG"
"69",-0.59,-1.39,0.22,7.5,"SigmaASD_Q_F_SlowerThanTD_Q_F"
"70",0.06,-0.16,0.28,0.4,"SigmaASD_Q_UF_SlowerThanTD_Q_UF"
"71",0.65,-0.18,1.49,0.1,"DifferenceInDifferenceSigmaASDFamiliarityBiggerTDUnfamiliarity"
"72",0.39,-0.75,1.5,2.5,"DifferenceInDifferenceSigmaASDMGSmallerThanTDMG"
"73",0.27,0.01,1,NA,"CorrelationAcrossVisitsASDMG"
"74",0.95,0.92,1,NA,"CorrelationAcrossVisitsASDFamiliarQuestions"
"75",0.83,0.71,1,NA,"CorrelationAcrossVisitsASDUnfamiliarQuestions"
"76",0.31,0.03,1,NA,"CorrelationAcrossVisitsTDMG"
"77",0.92,0.88,1,NA,"CorrelationAcrossVisitsTDFamiliarQuestions"
"78",0.72,0.42,1,NA,"CorrelationAcrossVisitsTDUnfamiliarQuestions"
