"","Estimate","CI.Lower","CI.Upper","Evid.Ratio","value"
"1",-38,-65,-12,83.7,"ASD_OtherPredictability_MG_F"
"2",-39,-73,-3,25.2,"ASD_OtherPredictability_Q_F"
"3",-13,-51,26,2.3,"ASD_OtherPredictability_Q_UF"
"4",-16,-51,23,3.5,"TDC_OtherPredictability_MG_F"
"5",-69,-127,-11,35,"TDC_OtherPredictability_Q_F"
"6",-12,-69,43,1.8,"TDC_OtherPredictability_Q_UF"
"7",-30,-50,-11,177.6,"ASD_OtherPredictability_overall"
"8",-32,-62,-2,23.9,"TDC_OtherPredictability_overall"
"9",0.43,-44,44,1.1,"WithinGroupASD_OtherPredictability_MG_Higher_Q_F"
"10",-26,-79,26,3.9,"WithinGroupASD_OtherPredictability_Q_F_Higher_Q_UF"
"11",53,-15,122,8.7,"WithinGroupTDC_OtherPredictability_MG_Higher_Q_F"
"12",-57,-137,24,7.4,"WithinGroupTDC_OtherPredictability_Q_F_Higher_Q_UF"
"13",-22,-70,23,3.7,"OtherPredictability_MG_F_ASDHigherTDC"
"14",30,-37,97,3.4,"OtherPredictability_Q_F_ASDHigherTDC"
"15",-0.49,-67,66,1,"OtherPredictability_Q_UF_ASDHigherTDC"
"16",2.53,-34,37,1.2,"OtherPredictability_overall_ASDHigherTDC"
"17",-52,-134,29,6.1,"DifferenceOtherPredictability_ASDLowerMatchingGameTDCVersusQuestions"
"18",31,-64,127,2.3,"DifferenceOtherPredictability_ASDHigherFamiliarityTDCVersusUnfamiliarity"
"19",-21,-44,3,13.2,"ASD_OwnPredictability_MG_F"
"20",47,19,76,249,"ASD_OwnPredictability_Q_F"
"21",164,127,200,Inf,"ASD_OwnPredictability_Q_UF"
"22",13,-17,41,3.3,"TDC_OwnPredictability_MG_F"
"23",6,-28,40,1.6,"TDC_OwnPredictability_Q_F"
"24",119,71,166,Inf,"TDC_OwnPredictability_Q_UF"
"25",63,46,81,Inf,"ASD_OwnPredictability_overall"
"26",46,24,67,Inf,"TDC_OwnPredictability_overall"
"27",-68,-105,-30,624,"WithinGroupASD_OwnPredictability_MG_Higher_Q_F"
"28",-117,-163,-70,Inf,"WithinGroupASD_OwnPredictability_Q_F_Higher_Q_UF"
"29",7,-38,51,1.5,"WithinGroupTDC_OwnPredictability_MG_Higher_Q_F"
"30",-113,-170,-54,999,"WithinGroupTDC_OwnPredictability_Q_F_Higher_Q_UF"
"31",-68,-105,-30,624,"OwnPredictability_MG_F_ASDHigherTDC"
"32",41,-4.4,84.8,14.2,"OwnPredictability_Q_F_ASDHigherTDC"
"33",46,-14,105,8.1,"OwnPredictability_Q_UF_ASDHigherTDC"
"34",18,-9,45,5.7,"OwnPredictability_overall_ASDHigherTDC"
"35",-74,-133,-16,49,"DifferenceOwnPredictability_ASDLowerMatchingGameTDCVersusQuestions"
"36",-4.69,-80,70,1.2,"DifferenceOwnPredictability_ASDHigherFamiliarityTDCVersusUnfamiliarity"
