"","Estimate","CI.Lower","CI.Upper","Evid.Ratio","value"
"1",24,7,41,149,"ASD_MG_F"
"2",46,7,89,35.6,"ASD_Q_F"
"3",35,0.82,69.39,20.1,"ASD_Q_UF"
"4",35,17,54,749,"ASD_overall"
"5",31,7,54,53.5,"TDC_MG_F"
"6",12,-36,64,1.9,"TDC_Q_F"
"7",-5,-46,38,1.4,"TDC_Q_UF"
"8",13,-10,36,4.3,"TDC_overall"
"9",-6,-35,23,1.8,"SelfAdjustment_MG_F_ASDHigherTDC"
"10",34,-29,99,4.4,"SelfAdjustment_Q_F_ASDHigherTDC"
"11",40,-14,94,7.7,"SelfAdjustment_Q_UF_ASDHigherTDC"
"12",23,-8,52,8.7,"SelfAdjustment_overall_ASDHigherTDC"
"13",-41,-110,29,5.1,"DifferenceSelfAdjustment_ASDLowerMatchingGameTDCVersusQuestions"
"14",-6,-89,81,1.2,"DifferenceSelfAdjustment_ASDHigherFamiliarityTDCVersusUnfamiliarity"
"15",17,-47,86,2,"TDCWithinGroupSelfAdjustment_Q_F_HigherQ_UF"
"16",11,-42,66,1.7,"ASDWithinGroupSelfAdjustment_Q_F_HigherQ_UF"
"17",19,-38,72,2.7,"TDCWithinGroupSelfAdjustment_MG_HigherQ_F"
"18",-22,-66,19,3.8,"ASDWithinGroupSelfAdjustment_MG_HigherQ_F"
