"","Estimate","CI.Lower","CI.Upper","Evid.Ratio","value"
"1",42,25,60,Inf,"ASD_MG_F"
"2",38,2.11,75.53,23.6,"ASD_Q_F"
"3",20,-21,61,0.3,"ASD_Q_UF"
"4",33,14,52,374,"ASD_overall"
"5",20,-8,48,7.7,"TDC_MG_F"
"6",37,-18,92,6.9,"TDC_Q_F"
"7",38,-9,83,11.2,"TDC_Q_UF"
"8",32,6,58,43.1,"TDC_overall"
"9",22,-12,56,6.7,"InterpersonalAdjustment_MG_F_ASDHigherTDC"
"10",1.08,-65,67,1,"InterpersonalAdjustment_Q_F_ASDHigherTDC"
"11",-19,-79,43,0.4,"InterpersonalAdjustment_Q_UF_ASDHigherTDC"
"12",1.58,-31,34,1.1,"InterpersonalAdjustment_overall_ASDHigherTDC"
"13",21,-50,93,0.5,"DifferenceInterpersonalAdjustment_ASDLowerMatchingGameTDCVersusQuestions"
"14",20,-71,111,1.8,"DifferenceInterpersonalAdjustment_ASDHigherFamiliarityTDCVersusUnfamiliarity"
"15",-1.31,-73,70,0.9,"TDCWithinGroupInterpersonalAdjustment_Q_F_HigherQ_UF"
"16",18,-36,74,2.4,"ASDWithinGroupInterpersonalAdjustment_Q_F_HigherQ_UF"
"17",-17,-78,43,0.5,"TDCWithinGroupInterpersonalAdjustment_MG_HigherQ_F"
"18",4.5,-36,44,0.7,"ASDWithinGroupInterpersonalAdjustment_MG_HigherQ_F"
