"","Estimate","CI.Lower","CI.Upper","Evid.Ratio","value"
"1",28,9,46,149,"ASD_MG_F"
"2",50,9,90,42.5,"ASD_Q_F"
"3",27,-6,58,11.1,"ASD_Q_UF"
"4",35,16,53,749,"ASD_overall"
"5",29,3,55,26.5,"TDC_MG_F"
"6",18,-36,77,2.2,"TDC_Q_F"
"7",-9,-55,37,1.7,"TDC_Q_UF"
"8",13,-13,38,3.9,"TDC_overall"
"9",-1,-33,30,1.1,"SelfAdjustment_MG_F_ASDHigherTDC"
"10",32,-39,101,3.7,"SelfAdjustment_Q_F_ASDHigherTDC"
"11",36,-20,91,5.8,"SelfAdjustment_Q_UF_ASDHigherTDC"
"12",22,-8,54,7.3,"SelfAdjustment_overall_ASDHigherTDC"
"13",-33,-109,44,3.3,"DifferenceSelfAdjustment_ASDLowerMatchingGameTDCVersusQuestions"
"14",-4,-93,83,1.1,"DifferenceSelfAdjustment_ASDHigherFamiliarityTDCVersusUnfamiliarity"
"15",27,-42,99,2.6,"TDCWithinGroupSelfAdjustment_Q_F_HigherQ_UF"
"16",23,-29,74,3.5,"ASDWithinGroupSelfAdjustment_Q_F_HigherQ_UF"
"17",11,-54,73,1.6,"TDCWithinGroupSelfAdjustment_MG_HigherQ_F"
"18",-22,-65,22,3.9,"ASDWithinGroupSelfAdjustment_MG_HigherQ_F"
