"","Estimate","CI.Lower","CI.Upper","Evid.Ratio","value"
"1",-39,-64,-13,130.6,"ASD_OtherPredictability_MG_F"
"2",-39,-74,-3,24.5,"ASD_OtherPredictability_Q_F"
"3",-10,-46,28,2.1,"ASD_OtherPredictability_Q_UF"
"4",-16,-52,23,3.5,"TDC_OtherPredictability_MG_F"
"5",-70,-128,-10,33,"TDC_OtherPredictability_Q_F"
"6",-9,-61,45,1.5,"TDC_OtherPredictability_Q_UF"
"7",-29,-48,-10,118,"ASD_OtherPredictability_overall"
"8",-32,-61,-2,23.3,"TDC_OtherPredictability_overall"
"9",0.2,-45,43,1.1,"WithinGroupASD_OtherPredictability_MG_Higher_Q_F"
"10",-30,-80,23,4.9,"WithinGroupASD_OtherPredictability_Q_F_Higher_Q_UF"
"11",54,-17,123,8.9,"WithinGroupTDC_OtherPredictability_MG_Higher_Q_F"
"12",-61,-140,19,9,"WithinGroupTDC_OtherPredictability_Q_F_Higher_Q_UF"
"13",-23,-69,22,4.2,"OtherPredictability_MG_F_ASDHigherTDC"
"14",31,-39,100,3.4,"OtherPredictability_Q_F_ASDHigherTDC"
"15",-1.05,-67,65,1,"OtherPredictability_Q_UF_ASDHigherTDC"
"16",2.31,-34,38,1.2,"OtherPredictability_overall_ASDHigherTDC"
"17",-53,-137,29,5.8,"DifferenceOtherPredictability_ASDLowerMatchingGameTDCVersusQuestions"
"18",32,-63,128,2.4,"DifferenceOtherPredictability_ASDHigherFamiliarityTDCVersusUnfamiliarity"
"19",-4.24,-38,33,1.5,"ASD_OwnPredictability_MG_F"
"20",44,8,81,44.5,"ASD_OwnPredictability_Q_F"
"21",165,122,210,Inf,"ASD_OwnPredictability_Q_UF"
"22",25,-14,67,5.6,"TDC_OwnPredictability_MG_F"
"23",6,-31,42,1.5,"TDC_OwnPredictability_Q_F"
"24",119,56,183,356.1,"TDC_OwnPredictability_Q_UF"
"25",68,45,91,Inf,"ASD_OwnPredictability_overall"
"26",50,22,78,415.7,"TDC_OwnPredictability_overall"
"27",-48,-97,1,17.8,"WithinGroupASD_OwnPredictability_MG_Higher_Q_F"
"28",-121,-178,-63,453.5,"WithinGroupASD_OwnPredictability_Q_F_Higher_Q_UF"
"29",19,-34,75,2.6,"WithinGroupTDC_OwnPredictability_MG_Higher_Q_F"
"30",-114,-187,-39,130.6,"WithinGroupTDC_OwnPredictability_Q_F_Higher_Q_UF"
"31",-48,-97,1,17.8,"OwnPredictability_MG_F_ASDHigherTDC"
"32",38,-13,91,8.2,"OwnPredictability_Q_F_ASDHigherTDC"
"33",46,-32,124,5.3,"OwnPredictability_Q_UF_ASDHigherTDC"
"34",18,-17,55,3.9,"OwnPredictability_overall_ASDHigherTDC"
"35",-68,-141,4,16.3,"DifferenceOwnPredictability_ASDLowerMatchingGameTDCVersusQuestions"
"36",-7,-100,86,1.2,"DifferenceOwnPredictability_ASDHigherFamiliarityTDCVersusUnfamiliarity"
