"","Estimate","CI.Lower","CI.Upper","Evid.Ratio","value"
"1",28,9,47,110.1,"ASD_MG_F"
"2",68,32,107,999,"ASD_Q_F"
"3",18,-34,71,0.4,"ASD_Q_UF"
"4",38,16,60,374,"ASD_overall"
"5",13,-14,39,4,"TDC_MG_F"
"6",-6,-55,40,0.8,"TDC_Q_F"
"7",22,-31,74,3.3,"TDC_Q_UF"
"8",10,-17,35,2.8,"TDC_overall"
"9",15,-18,46,3.8,"InterpersonalAdjustment_MG_F_ASDHigherTDC"
"10",74,15,138,49,"InterpersonalAdjustment_Q_F_ASDHigherTDC"
"11",-4,-79,73,0.8,"InterpersonalAdjustment_Q_UF_ASDHigherTDC"
"12",29,-6,63,11.1,"InterpersonalAdjustment_overall_ASDHigherTDC"
"13",-59,-127,9,12.3,"DifferenceInterpersonalAdjustment_ASDLowerMatchingGameTDCVersusQuestions"
"14",78,-20,178,9.6,"DifferenceInterpersonalAdjustment_ASDHigherFamiliarityTDCVersusUnfamiliarity"
"15",-28,-97,42,0.3,"TDCWithinGroupInterpersonalAdjustment_Q_F_HigherQ_UF"
"16",-50,-118,17,8.6,"ASDWithinGroupInterpersonalAdjustment_Q_F_HigherQ_UF"
"17",19,-34,75,2.4,"TDCWithinGroupInterpersonalAdjustment_MG_HigherQ_F"
"18",-40,-85,1,17.4,"ASDWithinGroupInterpersonalAdjustment_MG_HigherQ_F"
