"","Estimate","CI.Lower","CI.Upper","Evid.Ratio","value"
"1",665,578,754,Inf,"OverallLatencyThreeConditionsASD"
"2",724,614,833,Inf,"OverallLatencyThreeConditionsTD"
"3",724,613,837,Inf,"MGOverallLatencyASD>0"
"4",674,516,837,Inf,"Q_F_OverallLatencyASD>0"
"5",597,450,738,Inf,"Q_UF_OverallLatencyASD>0"
"6",788,642,930,Inf,"MGOverallLatencyTDC>0"
"7",734,556,919,Inf,"Q_F_OverallLatencyTDC>0"
"8",648,430,872,2499,"Q_UF_OverallLatencyTDC>0"
"9",0.18,0.1,0.27,2499,"BetaParameterASD_MG"
"10",-0.16,-0.29,-0.04,57.8,"BetaParameterASD_Q_F"
"11",-0.44,-0.59,-0.3,Inf,"BetaParameterASD_Q_UF"
"12",-0.14,-0.21,-0.07,1249,"BetaParameterASD_Overall"
"13",0.15,0.05,0.26,115.3,"BetaParameterTDC_MG"
"14",-0.14,-0.32,0.04,8.3,"BetaParameterTDC_Q_F"
"15",-0.34,-0.48,-0.2,1665.7,"BetaParameterTDC_Q_UF"
"16",-0.11,-0.2,-0.02,37.2,"BetaParameterTDC_Overall"
"17",-0.03,-0.14,0.08,2.1,"OverallBetaParameterASD<TD"
"18",0.03,-0.1,0.16,0.6,"BetaParameter_ASD_MG<TD_MG"
"19",-0.03,-0.25,0.19,1.4,"BetaParameter_ASD_MG<TD_Q_F"
"20",-0.1,-0.3,0.1,3.9,"BetaParameter_ASD_MG<TD_Q_UF"
"21",0.34,0.2,0.49,999,"WithinGroupBetaParameterASD_MG_Slower_Q_F"
"22",0.29,0.09,0.5,127.2,"WithinGroupBetaParameterTDC_MG_Slower_Q_F"
"23",-0.06,-0.31,0.21,0.5,"DifferenceInDifferenceBetaParameterBetweenGroupsMGBiggerQ_F"
"24",-0.28,-0.48,-0.08,0,"WithinGroupBetaParameterASD_Q_F_Slower_Q_UF"
"25",-0.2,-0.43,0.02,0.1,"WithinGroupBetaParameterTDC_Q_F_Slower_Q_UF"
"26",-0.07,-0.38,0.22,1.9,"DifferenceInDifferenceBetaParameterBetweenGroupsFamiliarityBiggerUnfamiliarity"
"27",-59,-196,80,3.2,"OverallLatencyThreeConditionsASD<TD"
"28",50,-138,233,2.2,"WithinASDGroupMG>QuestionsFamiliar"
"29",54,-180,273,2,"WithinTDGroupMG>QuestionsFamiliar"
"30",-78,-303,140,0.4,"WithinAutismGroupQuestionsUnfamiliar>Familiar"
"31",-86,-364,193,0.4,"WithinTDGroupQuestionsUnfamiliar>Familiar"
"32",-64,-239,116,2.5,"WithinConditionsMatchingGameASD<TD"
"33",-60,-311,183,2,"WithinConditionsQuestionsFamiliarASD<TD"
"34",-52,-321,210,1.7,"WithinConditionsQuestionsUnfamiliarASD<TD"
"35",8,-352,364,0.9,"DifferenceInDifferenceBetweenGroupsUnfamiliar>Familiarity"
"36",-3.99,-293,291,0.9,"DifferenceInDifferenceBetweenGroupsMG>Conversations"
"37",297,258,343,Inf,"SubjectVariabilityASD"
"38",392,334,455,Inf,"SubjectVariabilityTD"
"39",-94,-169,-22,52.2,"SubjectVariabilityASD<TD"
"40",280,220,350,Inf,"SubjectVariabilityASD_MG"
"41",360,289,447,Inf,"SubjectVariabilityASD_Q_F"
"42",251,194,322,Inf,"SubjectVariabilityASD_Q_UF"
"43",347,264,448,Inf,"SubjectVariabilityTD_MG"
"44",353,269,458,Inf,"SubjectVariabilityTD_Q_F"
"45",475,372,607,Inf,"SubjectVariabilityTD_Q_UF"
"46",-67,-187,42,5,"SubjectVariabilityASD_MG<TD_MG"
"47",7,-119,130,0.9,"SubjectVariabilityASD_Q_F<TD_Q_F"
"48",-223,-366,-97,453.5,"SubjectVariabilityASD_Q_UF<TD_Q_UF"
"49",-80,-183,19,0.1,"SubjectVariabilityASD_MG_SmallerThan_Q_F"
"50",-108,-214,-10,0,"SubjectVariabilityASD_Q_F_SmallerThan_Q_UF"
"51",-6,-144,126,1.2,"SubjectVariabilityTDC_MG_SmallerThan_Q_F"
"52",122,-24,274,11,"SubjectVariabilityTDC_Q_F_SmallerThan_Q_UF"
"53",-230,-410,-49,47.5,"DifferenceInDifferenceSubjectVariabilityUnfamiliarBiggerFamiliarity"
"54",74,-95,246,0.3,"DifferenceInDifferenceSubjectVariabilityMatchingGameBiggerQuestions"
"55",96,44,178,Inf,"VisitVariabilityASDMG"
"56",82,29,159,Inf,"VisitVariabilityTDMG"
"57",98,9,280,Inf,"VisitVariabilityASD_Q_F"
"58",90,7,262,Inf,"VisitVariabilityTDC_Q_F"
"59",129,42,285,Inf,"VisitVariabilityASD_Q_UF"
"60",138,43,308,Inf,"VisitVariabilityTDC_Q_UF"
"61",108,54,192,Inf,"VisitVariabilityASDOverall"
"62",103,49,185,Inf,"VisitVariabilityTDCOverall"
"63",-15,-112,77,1.6,"VisitVariabilityASDMG>TDMG"
"64",8,-197,213,1.1,"VisitVariabilityASD_Q_F_SlowerThanTD_Q_F"
"65",-9,-204,177,1.2,"VisitVariabilityASD_Q_UF_SlowerThanTD_Q_UF"
"66",4.5,-96,104,1.1,"VisitVariabilityASDOverallLowerTDSOverall"
"67",7,-216,227,1.1,"DifferenceInDifferenceVisitVariabilityASDMGSmallerThanTDMG"
"68",-17,-308,262,1.2,"DifferenceInDifferenceVisitVariabilityASDFamiliarityTDUnfamiliarity"
"69",576,546,608,Inf,"SigmaASDOverall"
"70",590,554,627,Inf,"SigmaTDCOverall"
"71",-0.02,-0.11,0.06,0.5,"SigmaASDOverallHigherTDSOverall"
"72",506,476,539,Inf,"SigmaASDMG"
"73",487,459,516,Inf,"SigmaTDMG"
"74",438,389,491,Inf,"SigmaASD_Q_F"
"75",526,459,604,Inf,"SigmaTDC_Q_F"
"76",861,781,945,112.6,"SigmaASD_Q_UF"
"77",801,725,887,713.3,"SigmaTDC_Q_UF"
"78",0.04,-0.05,0.13,3.4,"SigmaASDMGSlowerThanTDMG"
"79",-0.18,-0.37,0,19.2,"SigmaASD_Q_F_SlowerThanTD_Q_F"
"80",0.07,-0.07,0.21,4.2,"SigmaASD_Q_UF_SlowerThanTD_Q_UF"
"81",0.68,0.52,0.83,Inf,"WithinGroupSigmaASD_Q_FFaster_UF"
"82",0.42,0.25,0.59,2499,"WithinGroupSigmaTDC_Q_F_Faster_UF"
"83",0.15,0.02,0.28,27.7,"WithinGroupSigmaASD_Q_F_Faster_MG"
"84",-0.08,-0.22,0.07,4.1,"WithinGroupSigmaTDC_Q_F_Faster_MG"
"85",0.25,0.02,0.48,26.3,"DifferenceInDifferenceSigmaASDFamiliarityBiggerTDUnfamiliarity"
"86",0.22,0.02,0.42,25.3,"DifferenceInDifferenceSigmaASDMGSmallerThanTDMG"
"87",0.46,0.36,0.55,NA,"CorrelationAcrossVisitsASDMG"
"88",0.83,0.78,0.89,NA,"CorrelationAcrossVisitsASDFamiliarQuestions"
"89",0.78,0.74,0.81,NA,"CorrelationAcrossVisitsASDUnfamiliarQuestions"
"90",0.36,0.08,0.52,NA,"CorrelationAcrossVisitsTDMG"
"91",0.78,0.75,0.82,NA,"CorrelationAcrossVisitsTDFamiliarQuestions"
"92",0.76,0.74,0.77,NA,"CorrelationAcrossVisitsTDUnfamiliarQuestions"
