"","Estimate","CI.Lower","CI.Upper","Evid.Ratio","value"
"1",38,21,55,Inf,"ASD_MG_F"
"2",67,38,97,Inf,"ASD_Q_F"
"3",102,57,148,Inf,"ASD_Q_UF"
"4",69,50,88,Inf,"ASD_overall"
"5",32,8,58,50.7,"TDC_MG_F"
"6",46,10,82,53.5,"TDC_Q_F"
"7",84,47,121,0,"TDC_Q_UF"
"8",54,35,73,Inf,"TDC_overall"
"9",6,-25,36,0.6,"SelfAdjustment_MG_F_ASDHigherTDC"
"10",22,-26,69,3.4,"SelfAdjustment_Q_F_ASDHigherTDC"
"11",18,-40,76,2.3,"SelfAdjustment_Q_UF_ASDHigherTDC"
"12",15,-12,42,4.6,"SelfAdjustment_overall_ASDHigherTDC"
"13",-16,-72,40,2.1,"DifferenceSelfAdjustment_ASDLowerMatchingGameTDCVersusQuestions"
"14",3.7,-71,78,0.8,"DifferenceSelfAdjustment_ASDHigherFamiliarityTDCVersusUnfamiliarity"
"15",-39,-91,13,0.1,"TDCWithinGroupSelfAdjustment_Q_F_HigherQ_UF"
"16",-35,-89,20,0.2,"ASDWithinGroupSelfAdjustment_Q_F_HigherQ_UF"
"17",-13,-58,32,0.4,"TDCWithinGroupSelfAdjustment_MG_HigherQ_F"
"18",-29,-65,5,11.2,"ASDWithinGroupSelfAdjustment_MG_HigherQ_F"
