"","Estimate","CI.Lower","CI.Upper","Evid.Ratio","value"
"1",2.46,-26,32,0.9,"ASD_OtherPredictability_MG_F"
"2",-10,-48,28,2.1,"ASD_OtherPredictability_Q_F"
"3",-36,-73,1,17.6,"ASD_OtherPredictability_Q_UF"
"4",37,6,71,0,"TDC_OtherPredictability_MG_F"
"5",11,-29,52,0.5,"TDC_OtherPredictability_Q_F"
"6",-34,-85,16,6.5,"TDC_OtherPredictability_Q_UF"
"7",-15,-35,6,7.3,"ASD_OtherPredictability_overall"
"8",4.66,-19,29,0.6,"TDC_OtherPredictability_overall"
"9",13,-35,62,2,"WithinGroupASD_OtherPredictability_MG_Higher_Q_F"
"10",26,-26,80,0.3,"WithinGroupASD_OtherPredictability_Q_F_Higher_Q_UF"
"11",26,-26,78,3.9,"WithinGroupTDC_OtherPredictability_MG_Higher_Q_F"
"12",45,-21,111,0.1,"WithinGroupTDC_OtherPredictability_Q_F_Higher_Q_UF"
"13",-34,-78,9,9.5,"OtherPredictability_MG_F_ASDHigherTDC"
"14",-21,-77,36,0.4,"OtherPredictability_Q_F_ASDHigherTDC"
"15",-2.46,-65,61,0.9,"OtherPredictability_Q_UF_ASDHigherTDC"
"16",-19,-51,13,0.2,"OtherPredictability_overall_ASDHigherTDC"
"17",-13,-84,59,1.6,"DifferenceOtherPredictability_ASDLowerMatchingGameTDCVersusQuestions"
"18",-19,-103,68,0.6,"DifferenceOtherPredictability_ASDHigherFamiliarityTDCVersusUnfamiliarity"
"19",-8,-29,14,2.8,"ASD_OwnPredictability_MG_F"
"20",-14,-38,10,0.2,"ASD_OwnPredictability_Q_F"
"21",47,14,80,86.7,"ASD_OwnPredictability_Q_UF"
"22",-4.16,-28,19,0.6,"TDC_OwnPredictability_MG_F"
"23",4.98,-25,35,1.5,"TDC_OwnPredictability_Q_F"
"24",55,16,96,86.7,"TDC_OwnPredictability_Q_UF"
"25",8,-8,24,4.6,"ASD_OwnPredictability_overall"
"26",19,-0.35,37.7,17.9,"TDC_OwnPredictability_overall"
"27",5,-27,38,0.6,"WithinGroupASD_OwnPredictability_MG_Higher_Q_F"
"28",-61,-102,-20,137.9,"WithinGroupASD_OwnPredictability_Q_F_Higher_Q_UF"
"29",-9,-47,30,0.5,"WithinGroupTDC_OwnPredictability_MG_Higher_Q_F"
"30",-50,-101,0,19.3,"WithinGroupTDC_OwnPredictability_Q_F_Higher_Q_UF"
"31",5,-27,38,0.6,"OwnPredictability_MG_F_ASDHigherTDC"
"32",-19,-57,20,0.3,"OwnPredictability_Q_F_ASDHigherTDC"
"33",-8,-59,43,0.6,"OwnPredictability_Q_UF_ASDHigherTDC"
"34",-10,-35,15,0.3,"OwnPredictability_overall_ASDHigherTDC"
"35",15,-37,66,0.5,"DifferenceOwnPredictability_ASDLowerMatchingGameTDCVersusQuestions"
"36",-10,-74,52,1.5,"DifferenceOwnPredictability_ASDHigherFamiliarityTDCVersusUnfamiliarity"
