"","Estimate","CI.Lower","CI.Upper","Evid.Ratio","value"
"1",0.18,-18,18,1,"MotorASD_TG_F"
"2",-6,-35,21,1.8,"MotorASD_Q_F"
"3",41,-21,101,0.1,"MotorASD_Q_UF"
"4",12,-14,36,0.3,"MotorASD_overall"
"5",11,-69,94,0.7,"MotorTDC_TG_F"
"6",-9,-89,67,1.4,"MotorTDC_Q_F"
"7",-15,-155,130,1.4,"MotorTDC_Q_UF"
"8",-4.13,-67,57,1.2,"MotorTDC_overall"
"9",-13,-42,15,3.8,"CognitionASD_TG_F"
"10",12,-30,55,0.5,"CognitionASD_Q_F"
"11",-76,-176,27,8.3,"CognitionASD_Q_UF"
"12",-26,-67,16,5.7,"CognitionASD_overall"
"13",-95,-382,147,2.5,"CognitionTDC_TG_F"
"14",50,-171,291,0.6,"CognitionTDC_Q_F"
"15",-490,-883,-83,44.9,"CognitionTDC_Q_UF"
"16",-178,-367,-4,20.3,"CognitionTDC_overall"
"17",1.94,-14,18,1.4,"LanguageASD_TG_F"
"18",16,-8,43,6.2,"LanguageASD_Q_F"
"19",0.01,-57,58,1,"LanguageASD_Q_UF"
"20",6,-18,31,1.9,"LanguageASD_overall"
"21",20,-33,84,2.4,"LanguageTDC_TG_F"
"22",-18,-73,35,0.4,"LanguageTDC_Q_F"
"23",35,-59,131,2.7,"LanguageTDC_Q_UF"
"24",12,-29,55,2.1,"LanguageTDC_overall"
"25",4.24,-29,37,1.5,"AwarenessASD_TG_F"
"26",27,-21,77,4.6,"AwarenessASD_Q_F"
"27",-4.11,-117,108,0.9,"AwarenessASD_Q_UF"
"28",9,-39,56,1.7,"AwarenessASD_overall"
"29",69,-81,252,2.9,"AwarenessTDC_TG_F"
"30",-59,-205,81,0.3,"AwarenessTDC_Q_F"
"31",190,-65,449,8.3,"AwarenessTDC_Q_UF"
"32",67,-44,189,4.9,"AwarenessTDC_overall"
"33",4.48,-21,30,1.7,"MotivationASD_TG_F"
"34",-26,-64,11,0.1,"MotivationASD_Q_F"
"35",84,-3.38,169.97,16.5,"MotivationASD_Q_UF"
"36",21,-15,57,5,"MotivationASD_overall"
"37",-46,-219,116,2.2,"MotivationTDC_TG_F"
"38",78,-77,245,4.1,"MotivationTDC_Q_F"
"39",90,-194,377,0.4,"MotivationTDC_Q_UF"
"40",40,-84,165,2.4,"MotivationTDC_overall"
"41",-6,-56,41,0.7,"LanguageOverallASDSlowerTDC"
"42",16,-52,84,1.9,"MotorOverallASDFasterTDC"
"43",153,-26,348,11.1,"CognitionOverallASDSlowerTDC"
"44",-58,-189,62,3.5,"AwarenessOverallASDSlowerTDC"
"45",-20,-153,111,0.7,"MotivationOverallASDFasterTDC"
"46",-18,-86,37,0.5,"LanguageOverallASDSlowerTDC_MG"
"47",35,-24,94,5.3,"LanguageOverallASDSlowerTDC_Q_F"
"48",-35,-149,80,0.4,"LanguageOverallASDSlowerTDC_Q_UF"
"49",82,-160,370,2.1,"CognitionOverallASDSlowerTDC_MG"
"50",-38,-286,188,0.7,"CognitionOverallASDSlowerTDC_Q_F"
"51",415,1.74,824.62,19.4,"CognitionOverallASDSlowerTDC_Q_UF"
"52",-11,-96,71,0.7,"MotorOverallASDSlowerTDC_MG"
"53",2.62,-78,87,0.9,"MotorOverallASDSlowerTDC_Q_F"
"54",56,-100,213,2.7,"MotorOverallASDSlowerTDC_Q_UF"
"55",-64,-250,90,2.6,"AwarenessOverallASDSlowerTDC_MG"
"56",86,-65,238,0.2,"AwarenessOverallASDSlowerTDC_Q_F"
"57",-194,-484,84,7.1,"AwarenessOverallASDSlowerTDC_Q_UF"
"58",51,-113,225,2.4,"MotivationOverallASDSlowerTDC_MG"
"59",-104,-275,54,6.4,"MotivationOverallASDSlowerTDC_Q_F"
"60",-6,-307,297,1.1,"MotivationOverallASDSlowerTDC_Q_UF"
"61",-52,-140,28,0.2,"DifferenceInDifferenceLanguageMGSlowerQ_F"
"62",-69,-195,60,0.2,"DifferenceInDifferenceLanguageUFSlowerQ_F"
"63",-13,-125,97,0.7,"DifferenceInDifferenceMotorMGSlowerQ_F"
"64",53,-117,224,2.3,"DifferenceInDifferenceMotorUFSlowerQ_F"
"65",155,-69,400,6.8,"DifferenceInDifferenceMotivationMGSlowerQ_F"
"66",98,-243,433,0.4,"DifferenceInDifferenceMotivationUFSlowerQ_F"
"67",120,-201,486,2.5,"DifferenceInDifferenceCognitionMGSlowerQ_F"
"68",453,-29,919,15.2,"DifferenceInDifferenceCognitionUFSlowerQ_F"
"69",-150,-389,57,6.8,"DifferenceInDifferenceAwarenessMGSlowerQ_F"
"70",-280,-606,35,13.4,"DifferenceInDifferenceAwarenessUFSlowerQ_F"
"71",-14,-43,14,0.2,"WithinGroupLanguageASD_MGSlower_Q_F"
"72",-16,-76,47,0.5,"WithinGroupLanguageASD_Q_UFSlower_Q_F"
"73",-25,-73,22,4.2,"WithinGroupCognitionASD_MGSlower_Q_F"
"74",-87,-194,18,0.1,"WithinGroupCognitionASD_Q_UFSlower_Q_F"
"75",6,-24,38,1.7,"WithinGroupMotorASD_MGSlower_Q_F"
"76",48,-16,112,8.5,"WithinGroupMotorASD_Q_UFSlower_Q_F"
"77",-22,-76,33,3.3,"WithinGroupAwarenessASD_MGSlower_Q_F"
"78",-31,-146,87,2.1,"WithinGroupAwarenessASD_Q_UFSlower_Q_F"
"79",30,-11,72,8.3,"WithinGroupMotivationASD_MGSlower_Q_F"
"80",110,19,200,39.3,"WithinGroupMotivationASD_Q_UFSlower_Q_F"
"81",38,-39,121,0.3,"WithinGroupLanguageTDC_MGSlower_Q_F"
"82",53,-58,163,4,"WithinGroupLanguageTDC_Q_UFSlower_Q_F"
"83",-144,-508,171,3.1,"WithinGroupCognitionTDC_MGSlower_Q_F"
"84",-540,-988,-72,31.7,"WithinGroupCognitionTDC_Q_UFSlower_Q_F"
"85",20,-87,129,1.6,"WithinGroupMotorTDC_MGSlower_Q_F"
"86",-6,-165,155,0.9,"WithinGroupMotorTDC_Q_UFSlower_Q_F"
"87",128,-72,359,5.4,"WithinGroupAwarenessTDC_MGSlower_Q_F"
"88",249,-41,548,12.1,"WithinGroupAwarenessTDC_Q_UFSlower_Q_F"
"89",-124,-366,93,4.7,"WithinGroupMotivationTDC_MGSlower_Q_F"
"90",12,-312,344,1.1,"WithinGroupMotivationTDC_Q_UFSlower_Q_F"
