"","Estimate","CI.Lower","CI.Upper","Evid.Ratio","value"
"1",727,641,813,Inf,"OverallLatencyThreeConditionsASD"
"2",870,766,975,Inf,"OverallLatencyThreeConditionsTD"
"3",858,752,970,Inf,"MGOverallLatencyASD>0"
"4",562,437,690,Inf,"Q_F_OverallLatencyASD>0"
"5",762,626,901,Inf,"Q_UF_OverallLatencyASD>0"
"6",949,834,1070,Inf,"MGOverallLatencyTDC>0"
"7",653,501,807,Inf,"Q_F_OverallLatencyTDC>0"
"8",1008,811,1211,Inf,"Q_UF_OverallLatencyTDC>0"
"9",0.19,0.11,0.27,Inf,"BetaParameterASD_MG"
"10",-0.35,-0.47,-0.23,4999,"BetaParameterASD_Q_F"
"11",-0.25,-0.37,-0.15,999,"BetaParameterASD_Q_UF"
"12",-0.14,-0.2,-0.07,Inf,"BetaParameterASD_Overall"
"13",0.28,0.18,0.37,Inf,"BetaParameterTDC_MG"
"14",-0.31,-0.46,-0.17,1249,"BetaParameterTDC_Q_F"
"15",-0.18,-0.33,-0.03,52.8,"BetaParameterTDC_Q_UF"
"16",-0.07,-0.15,0.01,13.2,"BetaParameterTDC_Overall"
"17",-0.07,-0.17,0.04,6,"OverallBetaParameterASD<TD"
"18",-0.09,-0.21,0.04,7,"BetaParameter_ASD_MG<TD_MG"
"19",-0.04,-0.23,0.15,1.7,"BetaParameter_ASD_MG<TD_Q_F"
"20",-0.08,-0.26,0.11,3.2,"BetaParameter_ASD_MG<TD_Q_UF"
"21",0.54,0.41,0.68,Inf,"WithinGroupBetaParameterASD_MG_Slower_Q_F"
"22",0.59,0.43,0.76,Inf,"WithinGroupBetaParameterTDC_MG_Slower_Q_F"
"23",0.05,-0.18,0.26,2,"DifferenceInDifferenceBetaParameterBetweenGroupsMGBiggerQ_F"
"24",0.09,-0.07,0.26,5.1,"WithinGroupBetaParameterASD_Q_F_Slower_Q_UF"
"25",0.13,-0.07,0.33,6.6,"WithinGroupBetaParameterTDC_Q_F_Slower_Q_UF"
"26",-0.04,-0.29,0.22,1.5,"DifferenceInDifferenceBetaParameterBetweenGroupsFamiliarityBiggerUnfamiliarity"
"27",-143,-282,-3,20.7,"OverallLatencyThreeConditionsASD<TD"
"28",296,139,449,165.7,"WithinASDGroupMG>QuestionsFamiliar"
"29",296,133,462,146.1,"WithinTDGroupMG>QuestionsFamiliar"
"30",200,24,378,28.1,"WithinAutismGroupQuestionsUnfamiliar>Familiar"
"31",355,114,596,95.2,"WithinTDGroupQuestionsUnfamiliar>Familiar"
"32",-91,-250,72,4.8,"WithinConditionsMatchingGameASD<TD"
"33",-91,-299,115,3.5,"WithinConditionsQuestionsFamiliarASD<TD"
"34",-246,-501,0,19,"WithinConditionsQuestionsUnfamiliarASD<TD"
"35",-155,-460,151,4.1,"DifferenceInDifferenceBetweenGroupsUnfamiliar>Familiarity"
"36",0.06,-231,232,1,"DifferenceInDifferenceBetweenGroupsMG>Conversations"
"37",269,231,311,Inf,"SubjectVariabilityASD"
"38",340,287,403,Inf,"SubjectVariabilityTD"
"39",-71,-145,-2,21.6,"SubjectVariabilityASD<TD"
"40",261,207,325,Inf,"SubjectVariabilityASD_MG"
"41",244,191,307,Inf,"SubjectVariabilityASD_Q_F"
"42",302,238,379,Inf,"SubjectVariabilityASD_Q_UF"
"43",260,199,334,Inf,"SubjectVariabilityTD_MG"
"44",316,241,404,Inf,"SubjectVariabilityTD_Q_F"
"45",444,336,581,Inf,"SubjectVariabilityTD_Q_UF"
"46",0.92,-92,93,0.9,"SubjectVariabilityASD_MG<TD_MG"
"47",-72,-176,24,8,"SubjectVariabilityASD_Q_F<TD_Q_F"
"48",-142,-290,-8,24.5,"SubjectVariabilityASD_Q_UF<TD_Q_UF"
"49",17,-61,96,1.8,"SubjectVariabilityASD_MG_SmallerThan_Q_F"
"50",59,-29,150,6.4,"SubjectVariabilityASD_Q_F_SmallerThan_Q_UF"
"51",-56,-157,39,5,"SubjectVariabilityTDC_MG_SmallerThan_Q_F"
"52",129,-6,282,15.9,"SubjectVariabilityTDC_Q_F_SmallerThan_Q_UF"
"53",-70,-244,96,2.9,"DifferenceInDifferenceSubjectVariabilityUnfamiliarBiggerFamiliarity"
"54",-73,-202,51,5,"DifferenceInDifferenceSubjectVariabilityMatchingGameBiggerQuestions"
"55",91,41,169,Inf,"VisitVariabilityASDMG"
"56",70,9,150,Inf,"VisitVariabilityTDMG"
"57",83,6,248,Inf,"VisitVariabilityASD_Q_F"
"58",76,4.47,245.81,Inf,"VisitVariabilityTDC_Q_F"
"59",103,21,247,Inf,"VisitVariabilityASD_Q_UF"
"60",99,11,260,Inf,"VisitVariabilityTDC_Q_UF"
"61",92,43,170,Inf,"VisitVariabilityASDOverall"
"62",82,31,162,Inf,"VisitVariabilityTDCOverall"
"63",-21,-117,76,1.9,"VisitVariabilityASDMG>TDMG"
"64",7,-175,193,1.2,"VisitVariabilityASD_Q_F_SlowerThanTD_Q_F"
"65",3.87,-176,170,0.9,"VisitVariabilityASD_Q_UF_SlowerThanTD_Q_UF"
"66",11,-82,102,1.5,"VisitVariabilityASDOverallLowerTDSOverall"
"67",14,-199,225,1.3,"DifferenceInDifferenceVisitVariabilityASDMGSmallerThanTDMG"
"68",-3.45,-277,256,1,"DifferenceInDifferenceVisitVariabilityASDFamiliarityTDUnfamiliarity"
"69",682,647,719,Inf,"SigmaASDOverall"
"70",659,621,700,Inf,"SigmaTDCOverall"
"71",0.03,-0.04,0.11,3.2,"SigmaASDOverallHigherTDSOverall"
"72",618,573,666,Inf,"SigmaASDMG"
"73",529,483,580,Inf,"SigmaTDMG"
"74",534,475,600,Inf,"SigmaASD_Q_F"
"75",602,525,689,Inf,"SigmaTDC_Q_F"
"76",962,889,1037,4,"SigmaASD_Q_UF"
"77",899,829,977,63.1,"SigmaTDC_Q_UF"
"78",0.16,0.04,0.27,56.5,"SigmaASDMGSlowerThanTDMG"
"79",-0.12,-0.3,0.06,6.4,"SigmaASD_Q_F_SlowerThanTD_Q_F"
"80",0.07,-0.04,0.18,5.4,"SigmaASD_Q_UF_SlowerThanTD_Q_UF"
"81",-0.03,-0.05,-0.01,60.7,"SigmaASD_MG_VisitLowerZero"
"82",0,-0.02,0.03,1.5,"SigmaTDC_MG_VisitLowerZero"
"83",-0.03,-0.07,0,13.4,"SigmaASD_MG_VisitLowerTDC"
"84",0.02,-0.01,0.06,8.2,"SigmaASD_Q_F_VisitLowerZero"
"85",-0.04,-0.09,0,15.8,"SigmaTDC_Q_F_VisitLowerZero"
"86",0.02,-0.02,0.06,3.5,"SigmaASD_Q_F_VisitLowerTDC"
"87",-0.02,-0.04,0,9.7,"SigmaASD_Q_UF_VisitLowerZero"
"88",0.01,-0.01,0.03,2.4,"SigmaTDC_Q_UF_VisitLowerZero"
"89",-0.02,-0.06,0.02,4.8,"SigmaASD_Q_UF_VisitLowerTDC"
"90",-0.01,-0.02,0.01,3.2,"SigmaASD_Overall_VisitLowerZero"
"91",-0.01,-0.03,0.01,4.7,"SigmaTDC_Overall_VisitLowerZero"
"92",-0.04,-0.08,0,22.4,"WithinGroupSigmaASD_Q_F_Lower_UF_Visit"
"93",0.05,0,0.1,20.6,"WithinGroupSigmaTDC_Q_F_Lower_UF_Visit"
"94",0.01,-0.02,0.04,2.8,"WithinGroupSigmaASD_Q_F_Lower_MG_Visit"
"95",0,-0.03,0.04,1.1,"WithinGroupSigmaTDC_Q_F_Lower_MG_Visit"
"96",0.59,0.45,0.73,Inf,"WithinGroupSigmaASD_Q_FFaster_UF"
"97",0.4,0.24,0.56,Inf,"WithinGroupSigmaTDC_Q_F_Faster_UF"
"98",0.15,0.01,0.29,21.8,"WithinGroupSigmaASD_Q_F_Faster_MG"
"99",-0.13,-0.29,0.03,9.4,"WithinGroupSigmaTDC_Q_F_Faster_MG"
"100",0,-0.02,0.03,1.6,"SigmaVisitOverall_ASDLowerTDC"
"101",-0.09,-0.15,-0.03,150.5,"DifferenceInDifferenceSigmaVisit_Q_F_Lower_Q_UF"
"102",-0.1,-0.17,-0.04,146.1,"DifferenceInDifferenceSigmaVisit_MG_Lower_Q_F"
"103",0.19,-0.03,0.39,12.3,"DifferenceInDifferenceSigmaASDFamiliarityBiggerTDUnfamiliarity"
"104",0.27,0.06,0.49,59.2,"DifferenceInDifferenceSigmaASDMGSmallerThanTDMG"
"105",0.42,0.24,0.48,NA,"CorrelationAcrossVisitsASDMG"
"106",0.83,0.81,0.86,NA,"CorrelationAcrossVisitsASDFamiliarQuestions"
"107",0.7,0.66,0.78,NA,"CorrelationAcrossVisitsASDUnfamiliarQuestions"
"108",0.28,-0.08,0.48,NA,"CorrelationAcrossVisitsTDMG"
"109",0.81,0.8,0.82,NA,"CorrelationAcrossVisitsTDFamiliarQuestions"
"110",0.61,0.48,0.68,NA,"CorrelationAcrossVisitsTDUnfamiliarQuestions"
