"","Estimate","CI.Lower","CI.Upper","Evid.Ratio","value"
"1",-1574,-2293,-831,0,"OverallLatencyThreeConditionsASD"
"2",-1427,-2183,-632,0,"OverallLatencyThreeConditionsTD"
"3",27,-1632,1806,1,"MGOverallLatencyASD>0"
"4",-1823,-2576,-1087,0,"Q_F_OverallLatencyASD>0"
"5",-2927,-3751,-2156,0,"Q_UF_OverallLatencyASD>0"
"6",-202,-1896,1544,0.7,"MGOverallLatencyTDC>0"
"7",-2070,-3003,-1079,0,"Q_F_OverallLatencyTDC>0"
"8",-2009,-2671,-1330,0,"Q_UF_OverallLatencyTDC>0"
"9",-147,-1228,898,1.5,"OverallLatencyThreeConditionsASD<TD"
"10",1850,-59,3805,16.8,"WithinASDGroupMG>QuestionsFamiliar"
"11",1868,-99,3872,16.3,"WithinTDGroupMG>QuestionsFamiliar"
"12",-1104,-2277,-15,0.1,"WithinAutismGroupQuestionsUnfamiliar>Familiar"
"13",61,-1152,1247,1.2,"WithinTDGroupQuestionsUnfamiliar>Familiar"
"14",230,-2193,2669,0.8,"WithinConditionsMatchingGameASD<TD"
"15",247,-1154,1679,0.5,"WithinConditionsQuestionsFamiliarASD<TD"
"16",-918,-1991,141,12.6,"WithinConditionsQuestionsUnfamiliarASD<TD"
"17",-1165,-2964,661,7.5,"DifferenceInDifferenceBetweenGroupsUnfamiliar>Familiarity"
"18",-18,-2866,2878,1,"DifferenceInDifferenceBetweenGroupsMG>Conversations"
"19",1899,1405,2496,Inf,"SubjectVariabilityASD"
"20",1673,1224,2220,Inf,"SubjectVariabilityTD"
"21",226,-531,980,0.4,"SubjectVariabilityASD<TD"
"22",3015,1756,4627,Inf,"SubjectVariabilityASD_MG"
"23",1102,744,1526,Inf,"SubjectVariabilityASD_Q_F"
"24",1579,1070,2196,Inf,"SubjectVariabilityASD_Q_UF"
"25",3100,1917,4587,Inf,"SubjectVariabilityTD_MG"
"26",823,458,1261,Inf,"SubjectVariabilityTD_Q_F"
"27",1096,687,1611,Inf,"SubjectVariabilityTD_Q_UF"
"28",-84,-2060,1908,1.1,"SubjectVariabilityASD_MG<TD_MG"
"29",279,-285,836,0.2,"SubjectVariabilityASD_Q_F<TD_Q_F"
"30",483,-246,1232,0.2,"SubjectVariabilityASD_Q_UF<TD_Q_UF"
"31",1913,617,3539,115.3,"SubjectVariabilityASD_MG_SmallerThan_Q_F"
"32",477,-179,1192,7.5,"SubjectVariabilityASD_Q_F_SmallerThan_Q_UF"
"33",2276,1021,3757,0,"SubjectVariabilityTDC_MG_SmallerThan_Q_F"
"34",273,-331,892,3.4,"SubjectVariabilityTDC_Q_F_SmallerThan_Q_UF"
"35",204,-693,1129,0.6,"DifferenceInDifferenceSubjectVariabilityUnfamiliarBiggerFamiliarity"
"36",363,-1667,2405,0.6,"DifferenceInDifferenceSubjectVariabilityMatchingGameBiggerQuestions"
"37",69,25,134,Inf,"VisitVariabilityASDMG"
"38",42,3.62,100.02,Inf,"VisitVariabilityTDMG"
"39",115,16,308,Inf,"VisitVariabilityASD_Q_F"
"40",78,4.7,254.14,Inf,"VisitVariabilityTDC_Q_F"
"41",81,8,214,Inf,"VisitVariabilityASD_Q_UF"
"42",114,26,273,Inf,"VisitVariabilityTDC_Q_UF"
"43",88,37,172,Inf,"VisitVariabilityASDOverall"
"44",78,30,158,Inf,"VisitVariabilityTDCOverall"
"45",-27,-101,46,3,"VisitVariabilityASDMG>TDMG"
"46",36,-162,249,1.9,"VisitVariabilityASD_Q_F_SlowerThanTD_Q_F"
"47",-33,-210,131,1.9,"VisitVariabilityASD_Q_UF_SlowerThanTD_Q_UF"
"48",10,-81,106,1.4,"VisitVariabilityASDOverallLowerTDSOverall"
"49",-9,-234,202,0.9,"DifferenceInDifferenceVisitVariabilityASDMGSmallerThanTDMG"
"50",-69,-356,196,2.2,"DifferenceInDifferenceVisitVariabilityASDFamiliarityTDUnfamiliarity"
"51",8793,7070,10988,0,"SigmaASDOverall"
"52",7716,5553,10557,0,"SigmaTDCOverall"
"53",0.13,-0.28,0.57,2.9,"SigmaASDOverallHigherTDSOverall"
"54",17735,13366,23464,0,"SigmaASDMG"
"55",16909,12333,23217,0,"SigmaTDMG"
"56",4737,3299,6966,0,"SigmaASD_Q_F"
"57",4662,2355,8587,0,"SigmaTDC_Q_F"
"58",8091,5725,11433,0,"SigmaASD_Q_UF"
"59",5827,3685,9164,0,"SigmaTDC_Q_UF"
"60",0.05,-0.35,0.46,1.4,"SigmaASDMGSlowerThanTDMG"
"61",0.02,-0.84,0.96,0.9,"SigmaASD_Q_F_SlowerThanTD_Q_F"
"62",0.33,-0.27,0.97,5.5,"SigmaASD_Q_UF_SlowerThanTD_Q_UF"
"63",0.54,-0.05,1.09,16.3,"WithinGroupSigmaASD_Q_FFaster_UF"
"64",0.22,-0.67,1.15,2.9,"WithinGroupSigmaTDC_Q_F_Faster_UF"
"65",1.32,0.82,1.81,88.3,"WithinGroupSigmaASD_Q_F_Faster_MG"
"66",1.29,0.6,2.04,0,"WithinGroupSigmaTDC_Q_F_Faster_MG"
"67",0.31,-0.9,1.49,2.7,"DifferenceInDifferenceSigmaASDFamiliarityBiggerTDUnfamiliarity"
"68",0.03,-1,1.02,1.2,"DifferenceInDifferenceSigmaASDMGSmallerThanTDMG"
"69",0.42,0.07,0.68,NA,"CorrelationAcrossVisitsASDMG"
"70",0.94,0.93,0.94,NA,"CorrelationAcrossVisitsASDFamiliarQuestions"
"71",0.74,0.72,0.75,NA,"CorrelationAcrossVisitsASDUnfamiliarQuestions"
"72",0.34,-0.15,0.61,NA,"CorrelationAcrossVisitsTDMG"
"73",0.92,0.91,0.93,NA,"CorrelationAcrossVisitsTDFamiliarQuestions"
"74",0.66,0.52,0.74,NA,"CorrelationAcrossVisitsTDUnfamiliarQuestions"
