"","Estimate","CI.Lower","CI.Upper","Evid.Ratio","value"
"1",694,590,806,Inf,"OverallLatencyThreeConditionsASD"
"2",723,612,834,Inf,"OverallLatencyThreeConditionsTD"
"3",720,606,837,Inf,"MGOverallLatencyASD>0"
"4",768,550,1031,Inf,"Q_F_OverallLatencyASD>0"
"5",595,449,743,Inf,"Q_UF_OverallLatencyASD>0"
"6",790,645,937,Inf,"MGOverallLatencyTDC>0"
"7",728,552,913,1665.7,"Q_F_OverallLatencyTDC>0"
"8",651,424,874,4999,"Q_UF_OverallLatencyTDC>0"
"9",0.19,0.1,0.27,1427.6,"BetaParameterASD_MG"
"10",-0.14,-0.28,0,20,"BetaParameterASD_Q_F"
"11",-0.42,-0.56,-0.28,4999,"BetaParameterASD_Q_UF"
"12",-0.12,-0.2,-0.05,453.5,"BetaParameterASD_Overall"
"13",0.15,0.05,0.26,100,"BetaParameterTDC_MG"
"14",-0.17,-0.36,0.01,16,"BetaParameterTDC_Q_F"
"15",-0.33,-0.49,-0.18,1999,"BetaParameterTDC_Q_UF"
"16",-0.12,-0.21,-0.02,62.3,"BetaParameterTDC_Overall"
"17",-0.01,-0.12,0.11,1.2,"OverallBetaParameterASD<TD"
"18",0.03,-0.1,0.17,0.5,"BetaParameter_ASD_MG<TD_MG"
"19",0.03,-0.2,0.26,0.7,"BetaParameter_ASD_MG<TD_Q_F"
"20",-0.09,-0.29,0.12,3.2,"BetaParameter_ASD_MG<TD_Q_UF"
"21",0.33,0.16,0.49,525.3,"WithinGroupBetaParameterASD_MG_Slower_Q_F"
"22",0.33,0.13,0.54,177.6,"WithinGroupBetaParameterTDC_MG_Slower_Q_F"
"23",0,-0.27,0.26,1,"DifferenceInDifferenceBetaParameterBetweenGroupsMGBiggerQ_F"
"24",-0.27,-0.48,-0.07,0,"WithinGroupBetaParameterASD_Q_F_Slower_Q_UF"
"25",-0.15,-0.39,0.08,0.2,"WithinGroupBetaParameterTDC_Q_F_Slower_Q_UF"
"26",-0.12,-0.43,0.19,2.7,"DifferenceInDifferenceBetaParameterBetweenGroupsFamiliarityBiggerUnfamiliarity"
"27",-29,-183,126,1.7,"OverallLatencyThreeConditionsASD<TD"
"28",-48,-318,191,0.6,"WithinASDGroupMG>QuestionsFamiliar"
"29",62,-160,283,2.1,"WithinTDGroupMG>QuestionsFamiliar"
"30",-174,-473,94,0.2,"WithinAutismGroupQuestionsUnfamiliar>Familiar"
"31",-77,-354,197,0.5,"WithinTDGroupQuestionsUnfamiliar>Familiar"
"32",-70,-255,119,2.8,"WithinConditionsMatchingGameASD<TD"
"33",40,-253,359,0.7,"WithinConditionsQuestionsFamiliarASD<TD"
"34",-57,-329,213,1.8,"WithinConditionsQuestionsUnfamiliarASD<TD"
"35",-97,-503,296,1.9,"DifferenceInDifferenceBetweenGroupsUnfamiliar>Familiarity"
"36",-110,-456,224,0.4,"DifferenceInDifferenceBetweenGroupsMG>Conversations"
"37",302,262,347,Inf,"SubjectVariabilityASD"
"38",395,339,459,Inf,"SubjectVariabilityTD"
"39",-93,-169,-19,51.1,"SubjectVariabilityASD<TD"
"40",283,221,355,Inf,"SubjectVariabilityASD_MG"
"41",368,295,457,Inf,"SubjectVariabilityASD_Q_F"
"42",256,196,329,Inf,"SubjectVariabilityASD_Q_UF"
"43",351,267,451,Inf,"SubjectVariabilityTD_MG"
"44",358,270,467,Inf,"SubjectVariabilityTD_Q_F"
"45",477,374,601,Inf,"SubjectVariabilityTD_Q_UF"
"46",-68,-187,44,5.2,"SubjectVariabilityASD_MG<TD_MG"
"47",10,-120,137,0.8,"SubjectVariabilityASD_Q_F<TD_Q_F"
"48",-221,-360,-91,399,"SubjectVariabilityASD_Q_UF<TD_Q_UF"
"49",-86,-192,14,0.1,"SubjectVariabilityASD_MG_SmallerThan_Q_F"
"50",-113,-220,-10,0,"SubjectVariabilityASD_Q_F_SmallerThan_Q_UF"
"51",-8,-145,125,1.1,"SubjectVariabilityTDC_MG_SmallerThan_Q_F"
"52",118,-30,269,9.7,"SubjectVariabilityTDC_Q_F_SmallerThan_Q_UF"
"53",-231,-418,-50,51.1,"DifferenceInDifferenceSubjectVariabilityUnfamiliarBiggerFamiliarity"
"54",78,-93,246,0.3,"DifferenceInDifferenceSubjectVariabilityMatchingGameBiggerQuestions"
"55",98,47,180,Inf,"VisitVariabilityASDMG"
"56",80,27,157,Inf,"VisitVariabilityTDMG"
"57",222,53,455,Inf,"VisitVariabilityASD_Q_F"
"58",88,6,264,Inf,"VisitVariabilityTDC_Q_F"
"59",130,43,287,Inf,"VisitVariabilityASD_Q_UF"
"60",138,45,300,Inf,"VisitVariabilityTDC_Q_UF"
"61",150,79,244,Inf,"VisitVariabilityASDOverall"
"62",102,48,185,Inf,"VisitVariabilityTDCOverall"
"63",-17,-113,76,1.8,"VisitVariabilityASDMG>TDMG"
"64",135,-97,385,5.6,"VisitVariabilityASD_Q_F_SlowerThanTD_Q_F"
"65",-8,-196,180,1.2,"VisitVariabilityASD_Q_UF_SlowerThanTD_Q_UF"
"66",48,-60,158,3.5,"VisitVariabilityASDOverallLowerTDSOverall"
"67",-117,-382,138,0.3,"DifferenceInDifferenceVisitVariabilityASDMGSmallerThanTDMG"
"68",-143,-456,171,3.9,"DifferenceInDifferenceVisitVariabilityASDFamiliarityTDUnfamiliarity"
"69",611,579,645,Inf,"SigmaASDOverall"
"70",594,558,633,Inf,"SigmaTDCOverall"
"71",0.03,-0.05,0.11,2.6,"SigmaASDOverallHigherTDSOverall"
"72",525,487,566,Inf,"SigmaASDMG"
"73",469,432,510,Inf,"SigmaTDMG"
"74",499,439,567,Inf,"SigmaASD_Q_F"
"75",568,492,658,Inf,"SigmaTDC_Q_F"
"76",870,812,933,3332.3,"SigmaASD_Q_UF"
"77",785,721,855,Inf,"SigmaTDC_Q_UF"
"78",0.11,0,0.22,18.8,"SigmaASDMGSlowerThanTDMG"
"79",-0.13,-0.32,0.06,6.6,"SigmaASD_Q_F_SlowerThanTD_Q_F"
"80",0.1,-0.01,0.21,14.5,"SigmaASD_Q_UF_SlowerThanTD_Q_UF"
"81",0.56,0.41,0.7,Inf,"WithinGroupSigmaASD_Q_FFaster_UF"
"82",0.32,0.15,0.49,1110.1,"WithinGroupSigmaTDC_Q_F_Faster_UF"
"83",0.05,-0.1,0.2,2.4,"WithinGroupSigmaASD_Q_F_Faster_MG"
"84",-0.19,-0.36,-0.02,35.4,"WithinGroupSigmaTDC_Q_F_Faster_MG"
"85",0.23,0.01,0.45,23.4,"DifferenceInDifferenceSigmaASDFamiliarityBiggerTDUnfamiliarity"
"86",0.24,0.02,0.46,26.2,"DifferenceInDifferenceSigmaASDMGSmallerThanTDMG"
"87",0.47,0.38,0.56,NA,"CorrelationAcrossVisitsASDMG"
"88",0.94,0.93,0.95,NA,"CorrelationAcrossVisitsASDFamiliarQuestions"
"89",0.78,0.74,0.8,NA,"CorrelationAcrossVisitsASDUnfamiliarQuestions"
"90",0.35,0.08,0.53,NA,"CorrelationAcrossVisitsTDMG"
"91",0.82,0.8,0.86,NA,"CorrelationAcrossVisitsTDFamiliarQuestions"
"92",0.75,0.72,0.77,NA,"CorrelationAcrossVisitsTDUnfamiliarQuestions"
