"","Estimate","CI.Lower","CI.Upper","Evid.Ratio","value"
"1",759,672,844,Inf,"OverallLatencyThreeConditionsASD"
"2",872,764,981,Inf,"OverallLatencyThreeConditionsTD"
"3",785,704,868,Inf,"MGOverallLatencyASD>0"
"4",726,585,867,Inf,"Q_F_OverallLatencyASD>0"
"5",766,629,909,Inf,"Q_UF_OverallLatencyASD>0"
"6",813,729,899,Inf,"MGOverallLatencyTDC>0"
"7",832,662,1002,Inf,"Q_F_OverallLatencyTDC>0"
"8",970,761,1177,Inf,"Q_UF_OverallLatencyTDC>0"
"9",-112,-251,24,10.5,"OverallLatencyThreeConditionsASD<TD"
"10",60,-89,208,3.6,"WithinASDGroupMG>QuestionsFamiliar"
"11",-19,-183,143,0.7,"WithinTDGroupMG>QuestionsFamiliar"
"12",41,-144,227,1.9,"WithinAutismGroupQuestionsUnfamiliar>Familiar"
"13",138,-103,380,5.1,"WithinTDGroupQuestionsUnfamiliar>Familiar"
"14",-28,-143,90,1.9,"WithinConditionsMatchingGameASD<TD"
"15",-106,-333,114,4,"WithinConditionsQuestionsFamiliarASD<TD"
"16",-203,-455,44,10.5,"WithinConditionsQuestionsUnfamiliarASD<TD"
"17",-97,-404,208,2.4,"DifferenceInDifferenceBetweenGroupsUnfamiliar>Familiarity"
"18",79,-143,305,2.7,"DifferenceInDifferenceBetweenGroupsMG>Conversations"
"19",256,215,303,Inf,"SubjectVariabilityASD"
"20",332,276,395,Inf,"SubjectVariabilityTD"
"21",-76,-151,-2,20.3,"SubjectVariabilityASD<TD"
"22",204,157,261,Inf,"SubjectVariabilityASD_MG"
"23",210,157,277,Inf,"SubjectVariabilityASD_Q_F"
"24",352,277,442,Inf,"SubjectVariabilityASD_Q_UF"
"25",195,137,269,Inf,"SubjectVariabilityTD_MG"
"26",340,253,447,Inf,"SubjectVariabilityTD_Q_F"
"27",460,354,589,Inf,"SubjectVariabilityTD_Q_UF"
"28",9,-78,90,0.7,"SubjectVariabilityASD_MG<TD_MG"
"29",-130,-254,-21,36.6,"SubjectVariabilityASD_Q_F<TD_Q_F"
"30",-107,-257,29,8.5,"SubjectVariabilityASD_Q_UF<TD_Q_UF"
"31",-6,-81,65,0.8,"SubjectVariabilityASD_MG_SmallerThan_Q_F"
"32",142,51,241,177.6,"SubjectVariabilityASD_Q_F_SmallerThan_Q_UF"
"33",-145,-261,-39,79.6,"SubjectVariabilityTDC_MG_SmallerThan_Q_F"
"34",119,-27,270,10.1,"SubjectVariabilityTDC_Q_F_SmallerThan_Q_UF"
"35",23,-154,196,0.7,"DifferenceInDifferenceSubjectVariabilityUnfamiliarBiggerFamiliarity"
"36",-139,-279,-10,25.9,"DifferenceInDifferenceSubjectVariabilityMatchingGameBiggerQuestions"
"37",69,25,134,Inf,"VisitVariabilityASDMG"
"38",42,3.62,100.02,Inf,"VisitVariabilityTDMG"
"39",115,16,308,Inf,"VisitVariabilityASD_Q_F"
"40",78,4.7,254.14,Inf,"VisitVariabilityTDC_Q_F"
"41",81,8,214,Inf,"VisitVariabilityASD_Q_UF"
"42",114,26,273,Inf,"VisitVariabilityTDC_Q_UF"
"43",88,37,172,Inf,"VisitVariabilityASDOverall"
"44",78,30,158,Inf,"VisitVariabilityTDCOverall"
"45",-27,-101,46,3,"VisitVariabilityASDMG>TDMG"
"46",36,-162,249,1.9,"VisitVariabilityASD_Q_F_SlowerThanTD_Q_F"
"47",-33,-210,131,1.9,"VisitVariabilityASD_Q_UF_SlowerThanTD_Q_UF"
"48",10,-81,106,1.4,"VisitVariabilityASDOverallLowerTDSOverall"
"49",-9,-234,202,0.9,"DifferenceInDifferenceVisitVariabilityASDMGSmallerThanTDMG"
"50",-69,-356,196,2.2,"DifferenceInDifferenceVisitVariabilityASDFamiliarityTDUnfamiliarity"
"51",0.36,0.13,0.46,NA,"CorrelationAcrossVisitsASDMG"
"52",0.85,0.82,0.86,NA,"CorrelationAcrossVisitsASDFamiliarQuestions"
"53",0.69,0.6,0.78,NA,"CorrelationAcrossVisitsASDUnfamiliarQuestions"
"54",0.2,-0.07,0.36,NA,"CorrelationAcrossVisitsTDMG"
"55",0.78,0.76,0.79,NA,"CorrelationAcrossVisitsTDFamiliarQuestions"
"56",0.7,0.64,0.75,NA,"CorrelationAcrossVisitsTDUnfamiliarQuestions"
