"","Estimate","CI.Lower","CI.Upper","Evid.Ratio","value"
"1",-39,-65,-11,91.6,"ASD_OtherPredictability_MG_F"
"2",-37,-71,-1,21.4,"ASD_OtherPredictability_Q_F"
"3",-10,-48,30,2,"ASD_OtherPredictability_Q_UF"
"4",-17,-53,21,3.6,"TDC_OtherPredictability_MG_F"
"5",-70,-127,-11,35.5,"TDC_OtherPredictability_Q_F"
"6",-9,-63,45,1.6,"TDC_OtherPredictability_Q_UF"
"7",-28,-48,-9,101,"ASD_OtherPredictability_overall"
"8",-32,-61,-3,25.2,"TDC_OtherPredictability_overall"
"9",-2,-48,42,0.9,"WithinGroupASD_OtherPredictability_MG_Higher_Q_F"
"10",-27,-80,25,4,"WithinGroupASD_OtherPredictability_Q_F_Higher_Q_UF"
"11",53,-14,121,9.3,"WithinGroupTDC_OtherPredictability_MG_Higher_Q_F"
"12",-61,-138,19,9.1,"WithinGroupTDC_OtherPredictability_Q_F_Higher_Q_UF"
"13",-22,-69,24,3.6,"OtherPredictability_MG_F_ASDHigherTDC"
"14",33,-35,99,3.9,"OtherPredictability_Q_F_ASDHigherTDC"
"15",-0.2,-67,65,1,"OtherPredictability_Q_UF_ASDHigherTDC"
"16",4,-32,40,1.3,"OtherPredictability_overall_ASDHigherTDC"
"17",-55,-136,27,6.5,"DifferenceOtherPredictability_ASDLowerMatchingGameTDCVersusQuestions"
"18",34,-62,125,2.7,"DifferenceOtherPredictability_ASDHigherFamiliarityTDCVersusUnfamiliarity"
"19",-4,-39,32,1.5,"ASD_OwnPredictability_MG_F"
"20",44,7,80,36.9,"ASD_OwnPredictability_Q_F"
"21",167,122,211,Inf,"ASD_OwnPredictability_Q_UF"
"22",25,-14,68,5.8,"TDC_OwnPredictability_MG_F"
"23",6,-30,42,1.6,"TDC_OwnPredictability_Q_F"
"24",119,56,182,356.1,"TDC_OwnPredictability_Q_UF"
"25",69,47,91,Inf,"ASD_OwnPredictability_overall"
"26",50,22,79,383.6,"TDC_OwnPredictability_overall"
"27",-48,-99,3,15.6,"WithinGroupASD_OwnPredictability_MG_Higher_Q_F"
"28",-123,-181,-66,4999,"WithinGroupASD_OwnPredictability_Q_F_Higher_Q_UF"
"29",19,-35,76,2.4,"WithinGroupTDC_OwnPredictability_MG_Higher_Q_F"
"30",-113,-186,-41,121,"WithinGroupTDC_OwnPredictability_Q_F_Higher_Q_UF"
"31",-48,-99,3,15.6,"OwnPredictability_MG_F_ASDHigherTDC"
"32",37,-12,89,8.3,"OwnPredictability_Q_F_ASDHigherTDC"
"33",47,-32,124,5.3,"OwnPredictability_Q_UF_ASDHigherTDC"
"34",18,-18,54,4.1,"OwnPredictability_overall_ASDHigherTDC"
"35",-67,-144,7,14.3,"DifferenceOwnPredictability_ASDLowerMatchingGameTDCVersusQuestions"
"36",-10,-101,84,1.3,"DifferenceOwnPredictability_ASDHigherFamiliarityTDCVersusUnfamiliarity"
