"","Estimate","CI.Lower","CI.Upper","Evid.Ratio","value"
"1",58,-24,140,0.1,"MotorASD_TG_F"
"2",34,-80,145,0.4,"MotorASD_Q_F"
"3",36,-52,122,0.3,"MotorASD_Q_UF"
"4",43,-14,100,0.1,"MotorASD_overall"
"5",26,-194,240,0.7,"MotorTDC_TG_F"
"6",-10,-274,250,1.1,"MotorTDC_Q_F"
"7",129,-229,490,0.4,"MotorTDC_Q_UF"
"8",48,-114,212,0.4,"MotorTDC_overall"
"9",-181,-329,-40,55.2,"CognitionASD_TG_F"
"10",-239,-445,-36,33,"CognitionASD_Q_F"
"11",-29,-187,134,1.6,"CognitionASD_Q_UF"
"12",-149,-254,-45,97,"CognitionASD_overall"
"13",-358,-834,107,9.3,"CognitionTDC_TG_F"
"14",-454,-994,85,11.4,"CognitionTDC_Q_F"
"15",-262,-1001,500,2.7,"CognitionTDC_Q_UF"
"16",-358,-707,-13,21.6,"CognitionTDC_overall"
"17",-12,-87,64,0.6,"LanguageASD_TG_F"
"18",30,-75,133,2.3,"LanguageASD_Q_F"
"19",-0.11,-83,85,1,"LanguageASD_Q_UF"
"20",6,-48,60,1.4,"LanguageASD_overall"
"21",-90,-236,54,0.2,"LanguageTDC_TG_F"
"22",147,-22,316,12.5,"LanguageTDC_Q_F"
"23",220,-12,452,16.2,"LanguageTDC_Q_UF"
"24",92,-17,201,11,"LanguageTDC_overall"
"25",71,-95,241,3.1,"AwarenessASD_TG_F"
"26",-18,-252,222,0.8,"AwarenessASD_Q_F"
"27",124,-59,307,6.9,"AwarenessASD_Q_UF"
"28",59,-55,174,4.1,"AwarenessASD_overall"
"29",579,196,993,101,"AwarenessTDC_TG_F"
"30",58,-379,532,1.3,"AwarenessTDC_Q_F"
"31",107,-501,733,1.6,"AwarenessTDC_Q_UF"
"32",248,-33,554,13.1,"AwarenessTDC_overall"
"33",99,-15,221,11.1,"MotivationASD_TG_F"
"34",169,2.16,335.28,19.6,"MotivationASD_Q_F"
"35",40,-97,174,2.3,"MotivationASD_Q_UF"
"36",103,20,187,53.9,"MotivationASD_overall"
"37",-113,-538,299,2.1,"MotivationTDC_TG_F"
"38",118,-395,619,0.5,"MotivationTDC_Q_F"
"39",-8,-715,664,1,"MotivationTDC_Q_UF"
"40",-0.89,-319,299,1,"MotivationTDC_overall"
"41",-87,-209,34,0.1,"LanguageOverallASDSlowerTDC"
"42",-6,-177,166,0.9,"MotorOverallASDFasterTDC"
"43",208,-155,574,4.8,"CognitionOverallASDSlowerTDC"
"44",-189,-514,122,5.6,"AwarenessOverallASDSlowerTDC"
"45",104,-215,431,2.3,"MotivationOverallASDFasterTDC"
"46",77,-85,239,3.7,"LanguageOverallASDSlowerTDC_MG"
"47",-117,-315,82,0.2,"LanguageOverallASDSlowerTDC_Q_F"
"48",-220,-465,25,0.1,"LanguageOverallASDSlowerTDC_Q_UF"
"49",177,-306,666,2.8,"CognitionOverallASDSlowerTDC_MG"
"50",215,-351,806,2.7,"CognitionOverallASDSlowerTDC_Q_F"
"51",233,-541,983,2.4,"CognitionOverallASDSlowerTDC_Q_UF"
"52",32,-199,264,1.5,"MotorOverallASDSlowerTDC_MG"
"53",44,-235,335,0.7,"MotorOverallASDSlowerTDC_Q_F"
"54",-93,-467,278,0.5,"MotorOverallASDSlowerTDC_Q_UF"
"55",-508,-957,-79,37.2,"AwarenessOverallASDSlowerTDC_MG"
"56",-76,-601,424,1.4,"AwarenessOverallASDSlowerTDC_Q_F"
"57",17,-629,666,0.9,"AwarenessOverallASDSlowerTDC_Q_UF"
"58",212,-224,653,3.8,"MotivationOverallASDSlowerTDC_MG"
"59",50,-468,594,0.8,"MotivationOverallASDSlowerTDC_Q_F"
"60",48,-642,759,0.8,"MotivationOverallASDSlowerTDC_Q_UF"
"61",194,-39,437,11,"DifferenceInDifferenceLanguageMGSlowerQ_F"
"62",-103,-410,208,0.4,"DifferenceInDifferenceLanguageUFSlowerQ_F"
"63",-12,-363,345,0.9,"DifferenceInDifferenceMotorMGSlowerQ_F"
"64",-137,-603,327,0.4,"DifferenceInDifferenceMotorUFSlowerQ_F"
"65",162,-514,810,2,"DifferenceInDifferenceMotivationMGSlowerQ_F"
"66",-2.44,-886,879,1,"DifferenceInDifferenceMotivationUFSlowerQ_F"
"67",-38,-754,694,0.8,"DifferenceInDifferenceCognitionMGSlowerQ_F"
"68",17,-932,946,1.1,"DifferenceInDifferenceCognitionUFSlowerQ_F"
"69",-432,-1074,211,6.7,"DifferenceInDifferenceAwarenessMGSlowerQ_F"
"70",93,-693,892,0.7,"DifferenceInDifferenceAwarenessUFSlowerQ_F"
"71",-43,-160,77,0.4,"WithinGroupLanguageASD_MGSlower_Q_F"
"72",-31,-164,107,0.5,"WithinGroupLanguageASD_Q_UFSlower_Q_F"
"73",58,-185,294,0.5,"WithinGroupCognitionASD_MGSlower_Q_F"
"74",209,-61,479,9.5,"WithinGroupCognitionASD_Q_UFSlower_Q_F"
"75",24,-105,155,1.7,"WithinGroupMotorASD_MGSlower_Q_F"
"76",2.25,-145,148,1,"WithinGroupMotorASD_Q_UFSlower_Q_F"
"77",90,-184,370,0.4,"WithinGroupAwarenessASD_MGSlower_Q_F"
"78",142,-162,444,0.3,"WithinGroupAwarenessASD_Q_UFSlower_Q_F"
"79",-69,-274,130,0.4,"WithinGroupMotivationASD_MGSlower_Q_F"
"80",-128,-349,91,0.2,"WithinGroupMotivationASD_Q_UFSlower_Q_F"
"81",-237,-449,-30,30.6,"WithinGroupLanguageTDC_MGSlower_Q_F"
"82",73,-201,351,2.1,"WithinGroupLanguageTDC_Q_UFSlower_Q_F"
"83",96,-602,746,0.7,"WithinGroupCognitionTDC_MGSlower_Q_F"
"84",192,-712,1120,0.6,"WithinGroupCognitionTDC_Q_UFSlower_Q_F"
"85",36,-287,356,1.4,"WithinGroupMotorTDC_MGSlower_Q_F"
"86",139,-297,579,2.4,"WithinGroupMotorTDC_Q_UFSlower_Q_F"
"87",521,-61,1098,14.1,"WithinGroupAwarenessTDC_MGSlower_Q_F"
"88",49,-692,764,1.2,"WithinGroupAwarenessTDC_Q_UFSlower_Q_F"
"89",-231,-846,420,2.8,"WithinGroupMotivationTDC_MGSlower_Q_F"
"90",-126,-978,706,0.7,"WithinGroupMotivationTDC_Q_UFSlower_Q_F"
