"","Estimate","CI.Lower","CI.Upper","Evid.Ratio","value"
"1",-1.33,-87,85,1.1,"MotorASD_TG_F"
"2",-61,-158,37,5.8,"MotorASD_Q_F"
"3",-27,-148,94,1.9,"MotorASD_Q_UF"
"4",-30,-103,44,3,"MotorASD_overall"
"5",-34,-186,118,1.8,"MotorTDC_TG_F"
"6",-61,-288,162,2.2,"MotorTDC_Q_F"
"7",-49,-326,219,1.6,"MotorTDC_Q_UF"
"8",-48,-189,97,2.5,"MotorTDC_overall"
"9",-94,-233,48,6.4,"CognitionASD_TG_F"
"10",-82,-245,78,3.9,"CognitionASD_Q_F"
"11",-36,-245,175,1.6,"CognitionASD_Q_UF"
"12",-71,-194,55,5,"CognitionASD_overall"
"13",-395,-804,17,16.4,"CognitionTDC_TG_F"
"14",-152,-734,436,2,"CognitionTDC_Q_F"
"15",-711,-1400,5,18.5,"CognitionTDC_Q_UF"
"16",-419,-792,-55,30.4,"CognitionTDC_overall"
"17",36,-42,116,3.5,"LanguageASD_TG_F"
"18",19,-71,109,1.8,"LanguageASD_Q_F"
"19",65,-51,180,5.1,"LanguageASD_Q_UF"
"20",40,-28,108,5.1,"LanguageASD_overall"
"21",-8,-117,104,1.3,"LanguageTDC_TG_F"
"22",9,-146,162,1.2,"LanguageTDC_Q_F"
"23",48,-148,236,2,"LanguageTDC_Q_UF"
"24",16,-84,116,1.6,"LanguageTDC_overall"
"25",10,-139,159,1.2,"AwarenessASD_TG_F"
"26",46,-123,217,2.1,"AwarenessASD_Q_F"
"27",-22,-234,194,1.3,"AwarenessASD_Q_UF"
"28",11,-116,140,1.3,"AwarenessASD_overall"
"29",246,-49,550,11.3,"AwarenessTDC_TG_F"
"30",46,-373,476,1.3,"AwarenessTDC_Q_F"
"31",518,21,1031,21.5,"AwarenessTDC_Q_UF"
"32",270,-8,548,17.5,"AwarenessTDC_overall"
"33",65,-60,191,4.2,"MotivationASD_TG_F"
"34",18,-125,162,1.3,"MotivationASD_Q_F"
"35",82,-103,274,3.4,"MotivationASD_Q_UF"
"36",55,-55,166,3.9,"MotivationASD_overall"
"37",-156,-486,179,3.6,"MotivationTDC_TG_F"
"38",26,-468,499,1.2,"MotivationTDC_Q_F"
"39",176,-399,757,2.3,"MotivationTDC_Q_UF"
"40",16,-300,323,1.2,"MotivationTDC_overall"
"41",24,-94,149,1.7,"LanguageOverallASDSlowerTDC"
"42",18,-143,175,1.4,"MotorOverallASDFasterTDC"
"43",349,-46,738,12.7,"CognitionOverallASDSlowerTDC"
"44",-259,-569,48,11.2,"AwarenessOverallASDSlowerTDC"
"45",39,-290,377,1.4,"MotivationOverallASDFasterTDC"
"46",44,-93,182,2.4,"LanguageOverallASDSlowerTDC_MG"
"47",11,-170,193,1.2,"LanguageOverallASDSlowerTDC_Q_F"
"48",17,-199,240,1.2,"LanguageOverallASDSlowerTDC_Q_UF"
"49",301,-128,729,6.9,"CognitionOverallASDSlowerTDC_MG"
"50",70,-546,676,1.4,"CognitionOverallASDSlowerTDC_Q_F"
"51",675,-83,1403,13.7,"CognitionOverallASDSlowerTDC_Q_UF"
"52",32,-147,204,1.7,"MotorOverallASDSlowerTDC_MG"
"53",0.37,-239,247,1,"MotorOverallASDSlowerTDC_Q_F"
"54",22,-275,325,1.2,"MotorOverallASDSlowerTDC_Q_UF"
"55",-236,-571,99,7.6,"AwarenessOverallASDSlowerTDC_MG"
"56",-0.02,-470,457,1,"AwarenessOverallASDSlowerTDC_Q_F"
"57",-540,-1095,18,16.4,"AwarenessOverallASDSlowerTDC_Q_UF"
"58",220,-146,576,5.7,"MotivationOverallASDSlowerTDC_MG"
"59",-9,-501,499,1.1,"MotivationOverallASDSlowerTDC_Q_F"
"60",-94,-709,532,1.5,"MotivationOverallASDSlowerTDC_Q_UF"
"61",33,-158,225,1.6,"DifferenceInDifferenceLanguageMGSlowerQ_F"
"62",7,-254,262,1,"DifferenceInDifferenceLanguageUFSlowerQ_F"
"63",32,-233,290,1.4,"DifferenceInDifferenceMotorMGSlowerQ_F"
"64",21,-337,374,1.2,"DifferenceInDifferenceMotorUFSlowerQ_F"
"65",229,-321,752,3.4,"DifferenceInDifferenceMotivationMGSlowerQ_F"
"66",-85,-816,643,1.4,"DifferenceInDifferenceMotivationUFSlowerQ_F"
"67",230,-421,896,2.6,"DifferenceInDifferenceCognitionMGSlowerQ_F"
"68",604,-287,1488,6.6,"DifferenceInDifferenceCognitionUFSlowerQ_F"
"69",-236,-737,263,3.8,"DifferenceInDifferenceAwarenessMGSlowerQ_F"
"70",-540,-1185,85,11.9,"DifferenceInDifferenceAwarenessUFSlowerQ_F"
"71",17,-87,118,1.6,"WithinGroupLanguageASD_MGSlower_Q_F"
"72",46,-80,170,2.7,"WithinGroupLanguageASD_Q_UFSlower_Q_F"
"73",-12,-191,168,1.2,"WithinGroupCognitionASD_MGSlower_Q_F"
"74",46,-183,278,1.7,"WithinGroupCognitionASD_Q_UFSlower_Q_F"
"75",59,-50,170,4.6,"WithinGroupMotorASD_MGSlower_Q_F"
"76",33,-93,161,2,"WithinGroupMotorASD_Q_UFSlower_Q_F"
"77",-36,-227,150,1.7,"WithinGroupAwarenessASD_MGSlower_Q_F"
"78",-68,-298,166,2.2,"WithinGroupAwarenessASD_Q_UFSlower_Q_F"
"79",47,-115,211,2.3,"WithinGroupMotivationASD_MGSlower_Q_F"
"80",65,-138,267,2.4,"WithinGroupMotivationASD_Q_UFSlower_Q_F"
"81",-17,-182,146,1.3,"WithinGroupLanguageTDC_MGSlower_Q_F"
"82",39,-187,268,1.6,"WithinGroupLanguageTDC_Q_UFSlower_Q_F"
"83",-243,-875,381,3,"WithinGroupCognitionTDC_MGSlower_Q_F"
"84",-558,-1407,307,6.3,"WithinGroupCognitionTDC_Q_UFSlower_Q_F"
"85",27,-208,259,1.4,"WithinGroupMotorTDC_MGSlower_Q_F"
"86",12,-316,341,1.1,"WithinGroupMotorTDC_Q_UFSlower_Q_F"
"87",200,-251,653,3.5,"WithinGroupAwarenessTDC_MGSlower_Q_F"
"88",472,-107,1077,10,"WithinGroupAwarenessTDC_Q_UFSlower_Q_F"
"89",-182,-682,343,2.8,"WithinGroupMotivationTDC_MGSlower_Q_F"
"90",150,-544,835,1.8,"WithinGroupMotivationTDC_Q_UFSlower_Q_F"
