"","Estimate","CI.Lower","CI.Upper","Evid.Ratio","value"
"1",-54,-93,-14,54.6,"ASD_OtherPredictability_MG_F"
"2",-25,-66,17,5.5,"ASD_OtherPredictability_Q_F"
"3",-36,-93,21,5.7,"ASD_OtherPredictability_Q_UF"
"4",33,-18,86,0.2,"TDC_OtherPredictability_MG_F"
"5",-72,-136,-6,27.2,"TDC_OtherPredictability_Q_F"
"6",-11,-83,61,1.6,"TDC_OtherPredictability_Q_UF"
"7",-38,-66,-11,83.7,"ASD_OtherPredictability_overall"
"8",-17,-53,20,3.4,"TDC_OtherPredictability_overall"
"9",-29,-87,28,0.3,"WithinGroupASD_OtherPredictability_MG_Higher_Q_F"
"10",10,-59,81,0.7,"WithinGroupASD_OtherPredictability_Q_F_Higher_Q_UF"
"11",105,22,188,47.5,"WithinGroupTDC_OtherPredictability_MG_Higher_Q_F"
"12",-60,-158,38,5.9,"WithinGroupTDC_OtherPredictability_Q_F_Higher_Q_UF"
"13",-87,-151,-21,74.8,"OtherPredictability_MG_F_ASDHigherTDC"
"14",47,-30,124,5.4,"OtherPredictability_Q_F_ASDHigherTDC"
"15",-24,-113,66,0.5,"OtherPredictability_Q_UF_ASDHigherTDC"
"16",-22,-67,24,0.3,"OtherPredictability_overall_ASDHigherTDC"
"17",-134,-234,-33,60.7,"DifferenceOtherPredictability_ASDLowerMatchingGameTDCVersusQuestions"
"18",71,-48,192,5.3,"DifferenceOtherPredictability_ASDHigherFamiliarityTDCVersusUnfamiliarity"
"19",-31,-60,-3,31.7,"ASD_OwnPredictability_MG_F"
"20",10,-26,47,2.1,"ASD_OwnPredictability_Q_F"
"21",188,145,230,Inf,"ASD_OwnPredictability_Q_UF"
"22",-7,-47,32,0.6,"TDC_OwnPredictability_MG_F"
"23",-12,-58,34,0.5,"TDC_OwnPredictability_Q_F"
"24",108,50,166,832.3,"TDC_OwnPredictability_Q_UF"
"25",56,34,77,Inf,"ASD_OwnPredictability_overall"
"26",29,1.13,56.88,22,"TDC_OwnPredictability_overall"
"27",-41,-88,5,13.7,"WithinGroupASD_OwnPredictability_MG_Higher_Q_F"
"28",-178,-234,-122,Inf,"WithinGroupASD_OwnPredictability_Q_F_Higher_Q_UF"
"29",4.82,-55,65,1.2,"WithinGroupTDC_OwnPredictability_MG_Higher_Q_F"
"30",-120,-197,-44,249,"WithinGroupTDC_OwnPredictability_Q_F_Higher_Q_UF"
"31",-41,-88,5,13.7,"OwnPredictability_MG_F_ASDHigherTDC"
"32",22,-35,80,2.8,"OwnPredictability_Q_F_ASDHigherTDC"
"33",80,7,154,23.5,"OwnPredictability_Q_UF_ASDHigherTDC"
"34",26,-8,61,8.2,"OwnPredictability_overall_ASDHigherTDC"
"35",-46,-122,30,5.4,"DifferenceOwnPredictability_ASDLowerMatchingGameTDCVersusQuestions"
"36",-58,-153,39,5.5,"DifferenceOwnPredictability_ASDHigherFamiliarityTDCVersusUnfamiliarity"
