"","Estimate","CI.Lower","CI.Upper","Evid.Ratio","value"
"1",769,672,864,Inf,"OverallLatencyThreeConditionsASD_Male"
"2",898,743,1051,Inf,"OverallLatencyThreeConditionsTD_Male"
"3",892,755,1029,Inf,"MGOverallLatencyASD_Male>0"
"4",621,496,748,Inf,"Q_F_OverallLatencyASD_Male>0"
"5",793,646,938,Inf,"Q_UF_OverallLatencyASD_Male>0"
"6",1033,853,1213,Inf,"MGOverallLatencyTDC_Male>0"
"7",719,505,934,Inf,"Q_F_OverallLatencyTDC_Male>0"
"8",941,670,1208,Inf,"Q_UF_OverallLatencyTDC_Male>0"
"9",697,577,817,Inf,"OverallLatencyThreeConditionsASD_Female"
"10",860,737,982,Inf,"OverallLatencyThreeConditionsTD_Female"
"11",830,679,981,Inf,"MGOverallLatencyASD_Female>0"
"12",521,356,690,Inf,"Q_F_OverallLatencyASD_Female>0"
"13",738,552,926,Inf,"Q_UF_OverallLatencyASD_Female>0"
"14",895,748,1040,Inf,"MGOverallLatencyTDC_Female>0"
"15",626,454,799,Inf,"Q_F_OverallLatencyTDC_Female>0"
"16",1061,829,1282,Inf,"Q_UF_OverallLatencyTDC_Female>0"
"17",616,357,883,Inf,"OverallLatencyThreeConditionsASD_NonBinary"
"18",1001,63,1949,23.3,"OverallLatencyThreeConditionsTD_NonBinary"
"19",740,428,1041,4999,"MGOverallLatencyASD_NonBinary>0"
"20",412,70,773,38.7,"Q_F_OverallLatencyASD_NonBinary>0"
"21",696,286,1114,356.1,"Q_UF_OverallLatencyASD_NonBinary>0"
"22",1003,-625,2641,5.4,"MGOverallLatencyTDC_NonBinary>0"
"23",1003,-638,2640,5.2,"Q_F_OverallLatencyTDC_NonBinary>0"
"24",997,-619,2620,5.5,"Q_UF_OverallLatencyTDC_NonBinary>0"
"25",72,-85,228,3.5,"OverallLatencyThreeConditionsASDMaleSlowerASDFemale"
"26",37,-156,234,1.6,"OverallLatencyThreeConditionsTDCMaleSlowerTDCFemale"
"27",152,-129,421,4.5,"OverallLatencyThreeConditionsASDMaleSlowerASDNonBinary"
"28",80,-205,363,2.1,"OverallLatencyThreeConditionsASDFemaleSlowerASDNonBinary"
"29",-129,-308,51,7.7,"OverallLatencyThreeConditionsASDMaleSlowerTDCMale"
"30",-164,-337,7,16.2,"OverallLatencyThreeConditionsASDFemaleSlowerTDCFemale"
"31",61,-143,272,2.2,"ASDMaleSlowerASDFemale_MG"
"32",100,-105,306,3.9,"ASDMaleSlowerASDFemale_Q_F"
"33",55,-184,288,1.9,"ASDMaleSlowerASDFemale_Q_UF"
"34",138,-100,372,5.4,"TDCMaleSlowerTDCFemale_MG"
"35",93,-190,372,2.5,"TDCMaleSlowerTDCFemale_Q_F"
"36",-120,-468,225,2.6,"TDCMaleSlowerTDCFemale_Q_UF"
"37",152,-188,487,3.4,"ASDMaleSlowerASDNonBinary_MG"
"38",209,-160,573,4.7,"ASDMaleSlowerASDNonBinary_Q_F"
"39",96,-347,529,1.8,"ASDMaleSlowerASDNonBinary_Q_UF"
"40",90,-252,437,1.9,"ASDFemaleSlowerASDNonBinary_MG"
"41",109,-287,485,2.2,"ASDFemaleSlowerASDNonBinary_Q_F"
"42",42,-426,495,1.3,"ASDFemaleSlowerASDNonBinary_MG_Q_UF"
"43",-141,-370,93,5.7,"ASDMaleSlowerTDCMale_MG"
"44",-98,-335,147,2.9,"ASDMaleSlowerTDCMale_Q_F"
"45",-148,-453,154,3.8,"ASDMaleSlowerTDCMale_Q_UF"
"46",-64,-273,149,2.3,"ASDFemaleSlowerTDCFemale_MG"
"47",-105,-343,132,3.3,"ASDFemaleSlowerTDCFemale_Q_F"
"48",-322,-615,-30,28.1,"ASDFemaleSlowerTDCFemale_Q_UF"
"49",-129,-308,51,7.7,"ASDMaleSlowerTDCMale_AcrossConditions"
"50",-164,-337,7,16.2,"ASDFemaleSlowerTDCFemale_AcrossConditions"
"51",-92,-250,66,4.9,"ASDMaleSlowerTDCFemale_AcrossConditions"
"52",-201,-398,-1,19.6,"ASDFemaleSlowerTDCMale_AcrossConditions"
"53",-3.06,-206,199,1,"ASDMaleSlowerTDCFemale_MG"
"54",-4.44,-221,210,1,"ASDMaleSlowerTDCFemale_Q_F"
"55",-268,-535,-1,19.3,"ASDMaleSlowerTDCFemale_Q_UF"
"56",-203,-441,38,10.5,"ASDFemaleSlowerTDCMale_MG"
"57",-198,-472,76,7.9,"ASDFemaleSlowerTDCMale_Q_F"
"58",-202,-536,131,5.3,"ASDFemaleSlowerTDCMale_Q_UF"
"59",-293,-657,65,10.3,"ASDNonBinSlowerTDCMale_MG"
"60",-155,-504,180,3.3,"ASDNonBinSlowerTDCFemale_MG"
"61",-307,-712,112,8.2,"ASDNonBinSlowerTDCMale_Q_F"
"62",-214,-607,179,4.5,"ASDNonBinSlowerTDCFemale_Q_F"
"63",-244,-734,249,3.7,"ASDNonBinSlowerTDCMale_Q_UF"
"64",-364,-833,110,9,"ASDNonBinSlowerTDCFemale_Q_UF"
"65",-152,-421,129,4.5,"ASDNonBinSlowerTDCMale_Overall"
"66",-80,-363,205,2.1,"ASDNonBinSlowerTDCFemale_Overall"
"67",0.25,0.16,0.34,Inf,"BetaParameterASD_MG_Male"
"68",-0.25,-0.38,-0.11,262.2,"BetaParameterASD_Q_F_Male"
"69",-0.23,-0.36,-0.1,415.7,"BetaParameterASD_Q_UF_Male"
"70",-0.07,-0.14,0,19.5,"BetaParameterASD_Overall_Male"
"71",0.31,0.17,0.44,2499,"BetaParameterTDC_MG_Male"
"72",-0.08,-0.23,0.06,4.7,"BetaParameterTDC_Q_F_Male"
"73",-0.22,-0.44,-0.01,24.5,"BetaParameterTDC_Q_UF_Male"
"74",0,-0.11,0.1,1,"BetaParameterTDC_Overall"
"75",0.15,0.04,0.26,65.7,"BetaParameterASD_MG_Female"
"76",-0.44,-0.63,-0.24,Inf,"BetaParameterASD_Q_F_Female"
"77",-0.38,-0.57,-0.21,Inf,"BetaParameterASD_Q_UF_Female"
"78",-0.22,-0.32,-0.12,2499,"BetaParameterASD_Overall_Female"
"79",0.26,0.13,0.38,713.3,"BetaParameterTDC_MG_Female"
"80",-0.48,-0.64,-0.32,Inf,"BetaParameterTDC_Q_F_Female"
"81",-0.17,-0.37,0.02,14.4,"BetaParameterTDC_Q_UF_Female"
"82",-0.13,-0.23,-0.03,64.8,"BetaParameterTDC_Overall"
"83",-0.06,-0.29,0.16,0.5,"BetaParameterASD_MG_NonBinary"
"84",-0.88,-1.44,-0.41,832.3,"BetaParameterASD_Q_F_Nonbinary"
"85",-0.1,-0.39,0.18,2.6,"BetaParameterASD_Q_UF_NonBinary"
"86",-0.35,-0.57,-0.14,453.5,"BetaParameterASD_Overall_NonBinary"
"87",0.01,-1.61,1.64,1,"BetaParameterTDC_MG_NonBinary"
"88",-0.02,-1.67,1.63,1,"BetaParameterTDC_Q_F_Nonbinary"
"89",0,-1.61,1.62,1,"BetaParameterTDC_Q_UF_NonBinary"
"90",0,-0.95,0.96,1,"BetaParameterTDC_Overall"
