"","Estimate","CI.Lower","CI.Upper","Evid.Ratio","value"
"1",60,-13,133,0.1,"MotorASD_TG_F"
"2",33,-71,137,0.4,"MotorASD_Q_F"
"3",37,-48,125,0.3,"MotorASD_Q_UF"
"4",43,-9,96,0.1,"MotorASD_overall"
"5",41,-171,254,0.6,"MotorTDC_TG_F"
"6",-28,-262,210,1.4,"MotorTDC_Q_F"
"7",137,-203,485,0.3,"MotorTDC_Q_UF"
"8",50,-104,212,0.4,"MotorTDC_overall"
"9",-165,-302,-33,41.7,"CognitionASD_TG_F"
"10",-219,-407,-37,37.2,"CognitionASD_Q_F"
"11",-31,-192,132,1.7,"CognitionASD_Q_UF"
"12",-138,-232,-43,118,"CognitionASD_overall"
"13",-228,-639,192,4.8,"CognitionTDC_TG_F"
"14",-294,-751,167,6,"CognitionTDC_Q_F"
"15",-118,-760,538,1.6,"CognitionTDC_Q_UF"
"16",-213,-518,96,6.8,"CognitionTDC_overall"
"17",-14,-84,56,0.6,"LanguageASD_TG_F"
"18",33,-63,130,2.5,"LanguageASD_Q_F"
"19",-0.3,-86,85,1,"LanguageASD_Q_UF"
"20",6,-44,57,1.4,"LanguageASD_overall"
"21",-81,-217,51,0.2,"LanguageTDC_TG_F"
"22",131,-18,285,12.2,"LanguageTDC_Q_F"
"23",204,-16,426,14.9,"LanguageTDC_Q_UF"
"24",85,-16,189,10.3,"LanguageTDC_overall"
"25",81,-77,248,3.9,"AwarenessASD_TG_F"
"26",-12,-231,213,0.8,"AwarenessASD_Q_F"
"27",132,-55,313,7.3,"AwarenessASD_Q_UF"
"28",67,-46,182,5,"AwarenessASD_overall"
"29",483,127,833,68.4,"AwarenessTDC_TG_F"
"30",6,-385,406,1.1,"AwarenessTDC_Q_F"
"31",112,-430,662,1.8,"AwarenessTDC_Q_UF"
"32",201,-51,458,9.3,"AwarenessTDC_overall"
"33",92,-29,209,9.3,"MotivationASD_TG_F"
"34",164,0.82,323.53,19.2,"MotivationASD_Q_F"
"35",49,-88,190,2.6,"MotivationASD_Q_UF"
"36",102,20,184,40,"MotivationASD_overall"
"37",-77,-437,296,1.8,"MotivationTDC_TG_F"
"38",234,-194,655,0.2,"MotivationTDC_Q_F"
"39",145,-442,737,0.5,"MotivationTDC_Q_UF"
"40",101,-169,378,2.8,"MotivationTDC_overall"
"41",-79,-195,33,0.1,"LanguageOverallASDSlowerTDC"
"42",-7,-175,154,1,"MotorOverallASDFasterTDC"
"43",75,-256,400,1.9,"CognitionOverallASDSlowerTDC"
"44",-134,-418,146,3.6,"AwarenessOverallASDSlowerTDC"
"45",0.94,-288,286,1.1,"MotivationOverallASDFasterTDC"
"46",67,-83,216,3.4,"LanguageOverallASDSlowerTDC_MG"
"47",-98,-280,81,0.2,"LanguageOverallASDSlowerTDC_Q_F"
"48",-204,-445,35,0.1,"LanguageOverallASDSlowerTDC_Q_UF"
"49",64,-383,494,1.5,"CognitionOverallASDSlowerTDC_MG"
"50",75,-425,565,1.5,"CognitionOverallASDSlowerTDC_Q_F"
"51",87,-585,758,1.4,"CognitionOverallASDSlowerTDC_Q_UF"
"52",19,-201,240,1.2,"MotorOverallASDSlowerTDC_MG"
"53",61,-200,312,0.5,"MotorOverallASDSlowerTDC_Q_F"
"54",-100,-465,240,0.5,"MotorOverallASDSlowerTDC_Q_UF"
"55",-402,-789,-10,21,"AwarenessOverallASDSlowerTDC_MG"
"56",-18,-474,433,1.1,"AwarenessOverallASDSlowerTDC_Q_F"
"57",19,-563,597,0.9,"AwarenessOverallASDSlowerTDC_Q_UF"
"58",168,-228,548,3.4,"MotivationOverallASDSlowerTDC_MG"
"59",-70,-512,391,1.5,"MotivationOverallASDSlowerTDC_Q_F"
"60",-96,-706,493,1.5,"MotivationOverallASDSlowerTDC_Q_UF"
"61",165,-59,382,8.6,"DifferenceInDifferenceLanguageMGSlowerQ_F"
"62",-106,-406,180,0.4,"DifferenceInDifferenceLanguageUFSlowerQ_F"
"63",-42,-351,285,0.7,"DifferenceInDifferenceMotorMGSlowerQ_F"
"64",-161,-585,263,0.4,"DifferenceInDifferenceMotorUFSlowerQ_F"
"65",238,-336,780,3.3,"DifferenceInDifferenceMotivationMGSlowerQ_F"
"66",-26,-769,709,1.1,"DifferenceInDifferenceMotivationUFSlowerQ_F"
"67",-11,-632,610,1,"DifferenceInDifferenceCognitionMGSlowerQ_F"
"68",12,-818,822,1.1,"DifferenceInDifferenceCognitionUFSlowerQ_F"
"69",-384,-915,164,7.1,"DifferenceInDifferenceAwarenessMGSlowerQ_F"
"70",38,-674,753,0.9,"DifferenceInDifferenceAwarenessUFSlowerQ_F"
"71",-47,-161,66,0.3,"WithinGroupLanguageASD_MGSlower_Q_F"
"72",-33,-165,98,0.5,"WithinGroupLanguageASD_Q_UFSlower_Q_F"
"73",54,-170,273,0.5,"WithinGroupCognitionASD_MGSlower_Q_F"
"74",188,-69,448,8.2,"WithinGroupCognitionASD_Q_UFSlower_Q_F"
"75",27,-96,146,1.9,"WithinGroupMotorASD_MGSlower_Q_F"
"76",4.36,-132,139,1.1,"WithinGroupMotorASD_Q_UFSlower_Q_F"
"77",92,-161,350,0.4,"WithinGroupAwarenessASD_MGSlower_Q_F"
"78",144,-151,440,0.3,"WithinGroupAwarenessASD_Q_UFSlower_Q_F"
"79",-72,-262,115,0.4,"WithinGroupMotivationASD_MGSlower_Q_F"
"80",-115,-330,106,0.2,"WithinGroupMotivationASD_Q_UFSlower_Q_F"
"81",-212,-401,-30,31.5,"WithinGroupLanguageTDC_MGSlower_Q_F"
"82",72,-182,336,2.1,"WithinGroupLanguageTDC_Q_UFSlower_Q_F"
"83",66,-526,642,0.7,"WithinGroupCognitionTDC_MGSlower_Q_F"
"84",176,-583,953,0.5,"WithinGroupCognitionTDC_Q_UFSlower_Q_F"
"85",69,-236,360,2,"WithinGroupMotorTDC_MGSlower_Q_F"
"86",165,-243,561,3.1,"WithinGroupMotorTDC_Q_UFSlower_Q_F"
"87",477,-8,961,17.8,"WithinGroupAwarenessTDC_MGSlower_Q_F"
"88",106,-562,730,1.6,"WithinGroupAwarenessTDC_Q_UFSlower_Q_F"
"89",-310,-820,225,5.3,"WithinGroupMotivationTDC_MGSlower_Q_F"
"90",-89,-794,615,0.7,"WithinGroupMotivationTDC_Q_UFSlower_Q_F"
