"","Estimate","CI.Lower","CI.Upper","Evid.Ratio","value"
"1",762,683,837,Inf,"OverallLatencyThreeConditionsASD"
"2",879,779,982,Inf,"OverallLatencyThreeConditionsTD"
"3",758,679,839,Inf,"MGOverallLatencyASD>0"
"4",699,584,809,Inf,"Q_F_OverallLatencyASD>0"
"5",830,699,957,Inf,"Q_UF_OverallLatencyASD>0"
"6",786,711,868,Inf,"MGOverallLatencyTDC>0"
"7",793,642,947,Inf,"Q_F_OverallLatencyTDC>0"
"8",1057,855,1256,Inf,"Q_UF_OverallLatencyTDC>0"
"9",-116,-245,8,15,"OverallLatencyThreeConditionsASD<TD"
"10",58,-65,187,4,"WithinASDGroupMG>QuestionsFamiliar"
"11",-7,-160,143,0.9,"WithinTDGroupMG>QuestionsFamiliar"
"12",130,-31,294,10.2,"WithinAutismGroupQuestionsUnfamiliar>Familiar"
"13",264,28,499,28.9,"WithinTDGroupQuestionsUnfamiliar>Familiar"
"14",-28,-140,85,2,"WithinConditionsMatchingGameASD<TD"
"15",-93,-289,100,3.9,"WithinConditionsQuestionsFamiliarASD<TD"
"16",-227,-466,20,15.2,"WithinConditionsQuestionsUnfamiliarASD<TD"
"17",-134,-426,170,3.6,"DifferenceInDifferenceBetweenGroupsUnfamiliar>Familiarity"
"18",66,-135,269,2.5,"DifferenceInDifferenceBetweenGroupsMG>Conversations"
"19",240,202,282,Inf,"SubjectVariabilityASD"
"20",315,260,377,Inf,"SubjectVariabilityTD"
"21",-75,-147,-6,24.6,"SubjectVariabilityASD<TD"
"22",189,145,242,Inf,"SubjectVariabilityASD_MG"
"23",204,151,267,Inf,"SubjectVariabilityASD_Q_F"
"24",328,259,410,Inf,"SubjectVariabilityASD_Q_UF"
"25",183,130,251,Inf,"SubjectVariabilityTD_MG"
"26",308,233,404,Inf,"SubjectVariabilityTD_Q_F"
"27",453,340,592,Inf,"SubjectVariabilityTD_Q_UF"
"28",6,-75,80,0.8,"SubjectVariabilityASD_MG<TD_MG"
"29",-105,-215,-5,24.5,"SubjectVariabilityASD_Q_F<TD_Q_F"
"30",-125,-280,12,13.5,"SubjectVariabilityASD_Q_UF<TD_Q_UF"
"31",-14,-84,55,0.6,"SubjectVariabilityASD_MG_SmallerThan_Q_F"
"32",124,39,212,121,"SubjectVariabilityASD_Q_F_SmallerThan_Q_UF"
"33",-125,-227,-29,69.4,"SubjectVariabilityTDC_MG_SmallerThan_Q_F"
"34",145,1,297.86,19.2,"SubjectVariabilityTDC_Q_F_SmallerThan_Q_UF"
"35",-20,-198,149,1.3,"DifferenceInDifferenceSubjectVariabilityUnfamiliarBiggerFamiliarity"
"36",-111,-234,7,14.6,"DifferenceInDifferenceSubjectVariabilityMatchingGameBiggerQuestions"
"37",72,31,134,Inf,"VisitVariabilityASDMG"
"38",38,2.98,93.19,Inf,"VisitVariabilityTDMG"
"39",82,6,248,Inf,"VisitVariabilityASD_Q_F"
"40",80,4.95,248.07,Inf,"VisitVariabilityTDC_Q_F"
"41",84,11,213,Inf,"VisitVariabilityASD_Q_UF"
"42",94,9,240,Inf,"VisitVariabilityTDC_Q_UF"
"43",79,34,153,Inf,"VisitVariabilityASDOverall"
"44",71,23,147,Inf,"VisitVariabilityTDCOverall"
"45",-34,-108,39,4.3,"VisitVariabilityASDMG>TDMG"
"46",1.48,-192,194,1,"VisitVariabilityASD_Q_F_SlowerThanTD_Q_F"
"47",-9,-179,148,1.1,"VisitVariabilityASD_Q_UF_SlowerThanTD_Q_UF"
"48",9,-81,97,1.4,"VisitVariabilityASDOverallLowerTDSOverall"
"49",32,-169,241,1.7,"DifferenceInDifferenceVisitVariabilityASDMGSmallerThanTDMG"
"50",-11,-267,245,1.1,"DifferenceInDifferenceVisitVariabilityASDFamiliarityTDUnfamiliarity"
"51",659,626,695,Inf,"SigmaASDOverall"
"52",659,617,701,Inf,"SigmaTDCOverall"
"53",0,-0.08,0.08,1,"SigmaASDOverallHigherTDSOverall"
"54",645,599,694,Inf,"SigmaASDMG"
"55",569,520,622,Inf,"SigmaTDMG"
"56",495,440,557,Inf,"SigmaASD_Q_F"
"57",571,496,660,Inf,"SigmaTDC_Q_F"
"58",897,834,963,155.2,"SigmaASD_Q_UF"
"59",879,808,956,184.2,"SigmaTDC_Q_UF"
"60",0.13,0.01,0.24,26.9,"SigmaASDMGSlowerThanTDMG"
"61",-0.14,-0.33,0.04,8.8,"SigmaASD_Q_F_SlowerThanTD_Q_F"
"62",0.02,-0.09,0.13,1.6,"SigmaASD_Q_UF_SlowerThanTD_Q_UF"
"63",-0.02,-0.05,0,22.3,"SigmaASD_MG_VisitLowerZero"
"64",0.01,-0.02,0.04,2.8,"SigmaTDC_MG_VisitLowerZero"
"65",-0.04,-0.08,0,15.3,"SigmaASD_MG_VisitLowerTDC"
"66",0.02,-0.01,0.05,6.6,"SigmaASD_Q_F_VisitLowerZero"
"67",-0.05,-0.1,-0.01,31.7,"SigmaTDC_Q_F_VisitLowerZero"
"68",0.01,-0.03,0.06,1.8,"SigmaASD_Q_F_VisitLowerTDC"
"69",-0.02,-0.04,0,14.6,"SigmaASD_Q_UF_VisitLowerZero"
"70",0,-0.02,0.03,1.7,"SigmaTDC_Q_UF_VisitLowerZero"
"71",-0.03,-0.07,0.01,10,"SigmaASD_Q_UF_VisitLowerTDC"
"72",-0.01,-0.02,0.01,3.3,"SigmaASD_Overall_VisitLowerZero"
"73",-0.01,-0.03,0.01,5,"SigmaTDC_Overall_VisitLowerZero"
"74",-0.04,-0.08,0,24.1,"WithinGroupSigmaASD_Q_F_Lower_UF_Visit"
"75",0.05,0.01,0.11,28.9,"WithinGroupSigmaTDC_Q_F_Lower_UF_Visit"
"76",0.01,-0.02,0.04,1.8,"WithinGroupSigmaASD_Q_F_Lower_MG_Visit"
"77",-0.01,-0.04,0.03,0.6,"WithinGroupSigmaTDC_Q_F_Lower_MG_Visit"
"78",0.59,0.45,0.73,Inf,"WithinGroupSigmaASD_Q_FFaster_UF"
"79",0.43,0.26,0.6,Inf,"WithinGroupSigmaTDC_Q_F_Faster_UF"
"80",0.27,0.12,0.4,1249,"WithinGroupSigmaASD_Q_F_Faster_MG"
"81",0,-0.18,0.16,1,"WithinGroupSigmaTDC_Q_F_Faster_MG"
"82",0,-0.02,0.03,1.6,"SigmaVisitOverall_ASDLowerTDC"
"83",-0.1,-0.16,-0.03,191.3,"DifferenceInDifferenceSigmaVisit_Q_F_Lower_Q_UF"
"84",-0.11,-0.18,-0.04,499,"DifferenceInDifferenceSigmaVisit_MG_Lower_Q_F"
"85",0.16,-0.06,0.38,8.3,"DifferenceInDifferenceSigmaASDFamiliarityBiggerTDUnfamiliarity"
"86",0.27,0.05,0.49,39,"DifferenceInDifferenceSigmaASDMGSmallerThanTDMG"
"87",0.43,0.27,0.52,NA,"CorrelationAcrossVisitsASDMG"
"88",0.8,0.78,0.84,NA,"CorrelationAcrossVisitsASDFamiliarQuestions"
"89",0.61,0.53,0.72,NA,"CorrelationAcrossVisitsASDUnfamiliarQuestions"
"90",0.21,-0.13,0.34,NA,"CorrelationAcrossVisitsTDMG"
"91",0.84,0.82,0.86,NA,"CorrelationAcrossVisitsTDFamiliarQuestions"
"92",0.61,0.48,0.68,NA,"CorrelationAcrossVisitsTDUnfamiliarQuestions"
