"","Estimate","CI.Lower","CI.Upper","Evid.Ratio","value"
"1",4,-79,88,0.9,"MotorASD_TG_F"
"2",-54,-152,45,4.7,"MotorASD_Q_F"
"3",-19,-141,101,1.5,"MotorASD_Q_UF"
"4",-23,-96,51,2.4,"MotorASD_overall"
"5",-26,-180,128,1.6,"MotorTDC_TG_F"
"6",-40,-251,175,1.7,"MotorTDC_Q_F"
"7",-19,-278,252,1.2,"MotorTDC_Q_UF"
"8",-29,-169,113,1.8,"MotorTDC_overall"
"9",-89,-233,52,5.8,"CognitionASD_TG_F"
"10",-78,-238,84,3.8,"CognitionASD_Q_F"
"11",-27,-234,179,1.4,"CognitionASD_Q_UF"
"12",-65,-185,57,4.3,"CognitionASD_overall"
"13",-301,-690,114,8.5,"CognitionTDC_TG_F"
"14",8,-511,554,1,"CognitionTDC_Q_F"
"15",-478,-1098,169,8.5,"CognitionTDC_Q_UF"
"16",-257,-592,79,8.4,"CognitionTDC_overall"
"17",35,-42,113,3.5,"LanguageASD_TG_F"
"18",21,-68,112,1.9,"LanguageASD_Q_F"
"19",72,-41,185,5.7,"LanguageASD_Q_UF"
"20",43,-23,110,5.8,"LanguageASD_overall"
"21",-6,-113,102,1.1,"LanguageTDC_TG_F"
"22",10,-140,163,1.2,"LanguageTDC_Q_F"
"23",45,-140,231,2,"LanguageTDC_Q_UF"
"24",17,-80,116,1.6,"LanguageTDC_overall"
"25",19,-127,168,1.4,"AwarenessASD_TG_F"
"26",52,-108,216,2.3,"AwarenessASD_Q_F"
"27",-19,-232,198,1.3,"AwarenessASD_Q_UF"
"28",18,-107,146,1.4,"AwarenessASD_overall"
"29",228,-62,517,9.4,"AwarenessTDC_TG_F"
"30",29,-354,412,1.2,"AwarenessTDC_Q_F"
"31",452,-10,910,17.5,"AwarenessTDC_Q_UF"
"32",236,-14,486,16.1,"AwarenessTDC_overall"
"33",65,-63,193,4,"MotivationASD_TG_F"
"34",17,-124,157,1.4,"MotivationASD_Q_F"
"35",82,-102,268,3.4,"MotivationASD_Q_UF"
"36",55,-53,164,4,"MotivationASD_overall"
"37",-105,-424,218,2.4,"MotivationTDC_TG_F"
"38",117,-320,567,2,"MotivationTDC_Q_F"
"39",248,-269,773,3.7,"MotivationTDC_Q_UF"
"40",87,-187,370,2.3,"MotivationTDC_overall"
"41",26,-92,144,1.8,"LanguageOverallASDSlowerTDC"
"42",5,-156,165,1.1,"MotorOverallASDFasterTDC"
"43",192,-171,551,4.3,"CognitionOverallASDSlowerTDC"
"44",-219,-498,59,9.4,"AwarenessOverallASDSlowerTDC"
"45",-32,-330,261,0.8,"MotivationOverallASDFasterTDC"
"46",41,-93,175,2.3,"LanguageOverallASDSlowerTDC_MG"
"47",11,-161,183,1.2,"LanguageOverallASDSlowerTDC_Q_F"
"48",27,-189,243,1.4,"LanguageOverallASDSlowerTDC_Q_UF"
"49",212,-231,636,4,"CognitionOverallASDSlowerTDC_MG"
"50",-86,-652,454,0.7,"CognitionOverallASDSlowerTDC_Q_F"
"51",451,-226,1104,6.6,"CognitionOverallASDSlowerTDC_Q_UF"
"52",30,-145,204,1.6,"MotorOverallASDSlowerTDC_MG"
"53",-13,-252,220,1.2,"MotorOverallASDSlowerTDC_Q_F"
"54",-0.31,-297,288,1,"MotorOverallASDSlowerTDC_Q_UF"
"55",-209,-531,118,5.9,"AwarenessOverallASDSlowerTDC_MG"
"56",23,-398,442,0.8,"AwarenessOverallASDSlowerTDC_Q_F"
"57",-470,-972,41,14.8,"AwarenessOverallASDSlowerTDC_Q_UF"
"58",171,-181,512,3.9,"MotivationOverallASDSlowerTDC_MG"
"59",-100,-568,360,1.8,"MotivationOverallASDSlowerTDC_Q_F"
"60",-166,-721,389,2.3,"MotivationOverallASDSlowerTDC_Q_UF"
"61",30,-159,221,1.5,"DifferenceInDifferenceLanguageMGSlowerQ_F"
"62",16,-231,269,1.2,"DifferenceInDifferenceLanguageUFSlowerQ_F"
"63",43,-201,294,1.6,"DifferenceInDifferenceMotorMGSlowerQ_F"
"64",13,-327,353,1.1,"DifferenceInDifferenceMotorUFSlowerQ_F"
"65",271,-236,782,4.3,"DifferenceInDifferenceMotivationMGSlowerQ_F"
"66",-66,-736,605,1.3,"DifferenceInDifferenceMotivationUFSlowerQ_F"
"67",298,-311,914,3.8,"DifferenceInDifferenceCognitionMGSlowerQ_F"
"68",537,-271,1332,6.6,"DifferenceInDifferenceCognitionUFSlowerQ_F"
"69",-232,-699,228,4,"DifferenceInDifferenceAwarenessMGSlowerQ_F"
"70",-494,-1084,107,10.3,"DifferenceInDifferenceAwarenessUFSlowerQ_F"
"71",14,-87,115,1.5,"WithinGroupLanguageASD_MGSlower_Q_F"
"72",51,-73,175,3,"WithinGroupLanguageASD_Q_UFSlower_Q_F"
"73",-11,-194,168,1.2,"WithinGroupCognitionASD_MGSlower_Q_F"
"74",50,-177,274,1.9,"WithinGroupCognitionASD_Q_UFSlower_Q_F"
"75",57,-51,168,4.3,"WithinGroupMotorASD_MGSlower_Q_F"
"76",34,-98,166,2,"WithinGroupMotorASD_Q_UFSlower_Q_F"
"77",-33,-213,148,1.6,"WithinGroupAwarenessASD_MGSlower_Q_F"
"78",-71,-297,156,2.3,"WithinGroupAwarenessASD_Q_UFSlower_Q_F"
"79",48,-112,206,2.3,"WithinGroupMotivationASD_MGSlower_Q_F"
"80",65,-134,265,2.4,"WithinGroupMotivationASD_Q_UFSlower_Q_F"
"81",-16,-175,144,1.3,"WithinGroupLanguageTDC_MGSlower_Q_F"
"82",35,-186,253,1.6,"WithinGroupLanguageTDC_Q_UFSlower_Q_F"
"83",-309,-902,267,4.4,"WithinGroupCognitionTDC_MGSlower_Q_F"
"84",-486,-1253,300,5.8,"WithinGroupCognitionTDC_Q_UFSlower_Q_F"
"85",14,-215,234,1.2,"WithinGroupMotorTDC_MGSlower_Q_F"
"86",21,-294,336,1.2,"WithinGroupMotorTDC_Q_UFSlower_Q_F"
"87",199,-224,624,3.7,"WithinGroupAwarenessTDC_MGSlower_Q_F"
"88",423,-131,976,8.6,"WithinGroupAwarenessTDC_Q_UFSlower_Q_F"
"89",-223,-714,254,3.6,"WithinGroupMotivationTDC_MGSlower_Q_F"
"90",131,-509,771,1.7,"WithinGroupMotivationTDC_Q_UFSlower_Q_F"
