"","Estimate","CI.Lower","CI.Upper","Evid.Ratio","value"
"1",25,5,45,45.2,"ASD_MG_F"
"2",63,27,101,299,"ASD_Q_F"
"3",-5,-58,49,1.3,"ASD_Q_UF"
"4",28,5,50,41.9,"ASD_overall"
"5",12,-16,42,3.2,"TDC_MG_F"
"6",8,-42,55,1.7,"TDC_Q_F"
"7",-11,-89,64,0.7,"TDC_Q_UF"
"8",3,-29,35,1.3,"TDC_overall"
"9",13,-23,48,2.6,"InterpersonalAdjustment_MG_F_ASDHigherTDC"
"10",55,-4,117,15,"InterpersonalAdjustment_Q_F_ASDHigherTDC"
"11",6,-87,98,1.2,"InterpersonalAdjustment_Q_UF_ASDHigherTDC"
"12",25,-13,64,5.7,"InterpersonalAdjustment_overall_ASDHigherTDC"
"13",-42,-113,26,5.4,"DifferenceInterpersonalAdjustment_ASDLowerMatchingGameTDCVersusQuestions"
"14",49,-70,160,3.4,"DifferenceInterpersonalAdjustment_ASDHigherFamiliarityTDCVersusUnfamiliarity"
"15",20,-71,110,1.9,"TDCWithinGroupInterpersonalAdjustment_Q_F_HigherQ_UF"
"16",68,-0.13,137.54,18.7,"ASDWithinGroupInterpersonalAdjustment_Q_F_HigherQ_UF"
"17",4,-50,60,1.1,"TDCWithinGroupInterpersonalAdjustment_MG_HigherQ_F"
"18",-38,-80,3,14.3,"ASDWithinGroupInterpersonalAdjustment_MG_HigherQ_F"
